League_Short,Sport,Season,WIM,WIM_Z,Noll_Scully,NS_Z,Divergence,Teams
Euroleague,Basketball,2018,0.0566915214273671,-0.339368036750792,2.123892314881361,2.672569667031266,3.011937703782058,16
MLB,Baseball*,2020,0.1766737368690627,1.488129455290189,1.4235063647101729,-1.356993464796633,2.8451229200868218,30
Euroleague,Basketball,2023,0.0385730791420591,-1.5744189290492625,1.850631406117164,0.9935786806456302,2.567997609694893,18
Euroleague,Basketball,2008,0.0850534718491378,1.5939357000796586,1.5323970723146882,-0.9617415311958044,2.555677231275463,24
Euroleague,Basketball,2010,0.0712880078657128,0.6556073212974842,1.3820844774393153,-1.8853038990343929,2.540911220331877,24
NFL,American Football,2020,0.2153848619835813,-0.6506073721596437,1.7206665450850724,1.5220963188304917,2.1727036909901356,32
NFL,American Football,2016,0.1776249020295966,-1.8804244577319864,1.575880210390371,0.2301867824772971,2.1106112402092836,32
Eredivisie,Football,2009,0.3281454278415626,-1.4249581836062053,2.019512657189605,0.6503697355291922,2.0753279191353977,18
NFL,American Football,2022,0.1643609623664879,-2.312422257506412,1.5111705375077826,-0.3472091690646072,1.9652130884418049,32
Eredivisie,Football,2019,0.4710784512269987,1.1929557763305818,1.6999079957743153,-0.5870005013615253,1.779956277692107,18
NFL,American Football,2024,0.2418345156210126,0.210840468103519,1.7698454568623982,1.9609133193890729,1.750072851285554,32
MLS,Football,2009,0.246341032072418,0.1752936546144548,0.819756061276768,-1.5289354662761654,1.7042291208906202,15
NFL,American Football,2021,0.2425904967089102,0.2354622754200277,1.3878907769790565,-1.4472183557204523,1.68268063114048,32
Euroleague,Basketball,2000,0.0860562086628356,1.6622876575491017,1.6887180958464612,-0.001261707428158,1.6635493649772597,24
Prem League,Football,2024,0.3862962396016652,-0.4957269253872508,2.1906499876568715,1.167141285549752,1.662868210937003,20
Bundesliga,Football,2017,0.3150345278977048,-1.746374572154544,1.733936546622286,-0.0860164266563318,1.6603581454982121,18
Ligue 1,Football,2014,0.3555773050589227,0.5665903143128782,1.354427437779716,-1.077438637322209,1.6440289516350872,20
Euroleague,Basketball,2019,0.0505098808293984,-0.7607420498236783,1.8300837000548225,0.8673278626065859,1.6280699124302642,18
NFL,American Football,2009,0.2950815127481325,1.945060178668735,1.58607219255619,0.3211285069302821,1.6239316717384529,32
EFL Championship,Football,2016,0.2381976733816526,-0.5581055605996162,1.697540135630759,1.032811585178184,1.5909171457778002,24
NRL,Rugby League,2005,0.2024848715331391,-0.1896735434632059,1.0484556544075951,-1.777650334878041,1.587976791414835,15
Ligue 1,Football,2011,0.2574851165002139,-1.4231214561705408,1.6524304269134829,0.1156015740841484,1.538723030254689,20
MLS,Football,2017,0.2716913074703014,0.7095546076829448,0.9751406913936408,-0.8274241863798827,1.5369787940628274,22
Euroleague,Basketball,2024,0.0395008465714506,-1.5111772897586364,1.688097509806344,-0.0050747605733944,1.506102529185242,18
NRL,Rugby League,2016,0.1792915446387976,-0.6802735813887885,1.7572394899386934,0.7833279586392009,1.4636015400279894,16
Bundesliga,Football,2009,0.3865422137962251,0.0201253094413718,1.4213845572362698,-1.4324837900244367,1.4526090994658085,18
MLS,Football,2010,0.3070745425442455,1.4552617290671233,1.1609981337912076,0.011661971604344,1.4435997574627792,16
Bundesliga,Football,2013,0.3885134064470801,0.0688209362202861,2.102666288131509,1.5024635053403468,1.4336425691200607,18
Bundesliga,Football,2015,0.3517259362027948,-0.8399633575822915,1.889081112864239,0.582343085177372,1.4223064427596634,18
Euroleague,Basketball,2016,0.0402204245123292,-1.4621269705332869,1.679684025769558,-0.0567695453333063,1.4053574251999805,16
MLB,Baseball*,2019,0.1560072900960373,0.7566657115330014,2.456362640394295,2.139892868923129,1.3832271573901278,30
MLS,Football,2011,0.2102724296035576,-0.5848576900321131,1.3229442747535225,0.7427963478633572,1.3276540378954702,18
MLS,Football,2018,0.2504932084151368,0.2628014096723975,1.5092288097347724,1.583810690538621,1.3210092808662233,23
Eredivisie,Football,2015,0.3676629064978574,-0.701169120830672,2.011315123440552,0.6186324503717484,1.3198015712024205,18
Euroleague,Basketball,2005,0.0710254070487176,0.6377070311819667,1.5781057810082386,-0.680894518562826,1.3186015497447927,24
Prem League,Football,2010,0.521779741869807,1.7565827959444753,2.035474857308938,0.4659059753866068,1.2906768205578685,20
La Liga,Football,2023,0.4028916508383225,0.3175002775307945,2.3348053001211224,1.6003721159058235,1.282871838375029,20
NBA,Basketball,2012,0.0388716138920455,0.5718438162415267,2.492817966507265,-0.7061521569904339,1.2779959732319606,30
Euroleague,Basketball,2014,0.0655137540113788,0.2620029891559766,1.9362316278186695,1.5195302385154064,1.2575272493594298,24
Euroleague,Basketball,2011,0.0753271907231048,0.9309398423621598,1.6400988873522373,-0.2999916399171368,1.2309314822792965,23
NRL,Rugby League,2006,0.1695848606964111,-0.8855955488650553,1.6307235385739849,0.3262004269624627,1.211795975827518,15
Prem League,Football,2016,0.3885027971446965,-0.4590445919544234,1.5636495771111891,-1.6662691093735982,1.2072245174191747,20
NFL,American Football,2023,0.2065610057578637,-0.9379945717288594,1.3117119482928097,-2.1269520851190222,1.1889575133901629,32
Bundesliga,Football,2016,0.3915782065949955,0.1445326451139409,1.5119951278100812,-1.0421353673717222,1.186668012485663,18
EFL Championship,Football,2021,0.3104779534641453,1.198542383374423,1.4403917039713765,0.0154565628157693,1.1830858205586539,24
NRL,Rugby League,2020,0.2989707105405893,1.8512564400608529,1.7311484627264064,0.689055839275521,1.1622006007853318,16
NBA,Basketball,2008,0.0474630064381374,2.4065374585027315,3.0024380337221728,1.2530910502413155,1.153446408261416,30
NRL,Rugby League,2018,0.2643830297141381,1.1196357630222888,1.5459540608741686,0.0199112856767375,1.0997244773455512,16
Bundesliga,Football,2012,0.367501104585281,-0.4502593316491267,1.9028702090998584,0.6417462202784354,1.0920055519275622,18
Bundesliga,Football,2010,0.2904566511787659,-2.3535375053181125,1.4608172124206968,-1.2626087450404655,1.090928760277647,18
Euroleague,Basketball,2009,0.0730561555741986,0.776133819695838,1.638849487277523,-0.3076683012929688,1.0838021209888067,24
MLS,Football,2016,0.1497341289293352,-1.8607116879755563,0.9838400156888254,-0.7881495546743033,1.0725621333012532,20
NBA,Basketball,2009,0.0381633487827326,0.4205936567219424,3.064085163010138,1.4900945104128496,1.0695008536909072,30
La Liga,Football,2013,0.4770542427396292,1.49969363793054,2.0315925824467445,0.4313903368129228,1.068303301117617,20
NRL,Rugby League,2011,0.1534989551373435,-1.22585487920163,1.4910758839397364,-0.1783745849534386,1.0474802942481913,16
NFL,American Football,2006,0.2332552004080038,-0.0685821913570993,1.4252192813739224,-1.1141409910146087,1.0455587996575095,32
Eredivisie,Football,2014,0.3834795602168647,-0.4114765250278306,2.009780009422552,0.6126891565921897,1.0241656816200204,18
EFL Championship,Football,2012,0.2250979827562699,-0.8764710204112236,0.9611254222497112,-1.880662171458089,1.0041911510468653,24
Bundesliga,Football,2007,0.373050330337916,-0.3131732756286565,1.4507153971054052,-1.3061271518806583,0.9929538762520018,18
NRL,Rugby League,2022,0.2291494474326363,0.3743525665966821,1.9160438299614475,1.3571199207680562,0.9827673541713742,16
NHL,Ice Hockey,2012,0.1496583697170749,0.2160498690281054,1.4851112939963642,-0.752246911016613,0.9682967800447184,30
La Liga,Football,2009,0.3982938365179398,0.2442085353929168,2.226337563661095,1.1821943807707476,0.9379858453778308,20
Bundesliga,Football,2005,0.4181298662241332,0.8004551938817692,1.726381231612168,-0.1185645640112501,0.9190197578930193,18
NBA,Basketball,2021,0.0340774040571563,-0.4519606783788959,2.320600177795646,-1.3682464393873297,0.9162857610084338,30
NRL,Rugby League,2024,0.2400487754046353,0.6049021009858436,1.458776090310264,-0.2950802238569885,0.8999823248428321,17
EFL Championship,Football,2009,0.2867910010310604,0.6228717268260422,1.3672652453740384,-0.273853270580854,0.8967249974068963,24
Bundesliga,Football,2006,0.3813439843348578,-0.1082898617759604,1.529677911364942,-0.9659583096064086,0.8576684478304482,17
NRL,Rugby League,2023,0.1894844065763778,-0.4646676669838528,1.648665811598376,0.3910294614979298,0.8556971284817826,16
Eredivisie,Football,2017,0.3944695262190067,-0.2101879443010761,2.018073745245474,0.6447988943365448,0.8549868386376209,18
Euroleague,Basketball,2017,0.0435910722783446,-1.232365412365742,1.6258764963903587,-0.3873779636245377,0.8449874487412042,16
NBA,Basketball,2005,0.0336906724822265,-0.5345472856115202,2.756219869219376,0.3065010367524141,0.8410483223639342,30
NHL,Ice Hockey,2017,0.1295308398450081,-0.5851565140760157,1.771805687132178,0.2522784625889177,0.8374349766649334,30
A-League,Football,2024,0.2757070445571735,-1.2921032933969363,1.2941781636782332,-0.4707078667501403,0.821395426646796,12
AFL,Australian Rules,2008,0.1673785102362459,-0.3996138224411364,1.929878705562041,0.4217178460239489,0.8213316684650853,16
MLS,Football,2024,0.2426708876620293,0.0979447966704101,1.3618571227151823,0.9184752535405888,0.8205304568701787,29
NHL,Ice Hockey,2005,0.1510934357963113,0.273174817303856,2.0114407941592862,1.0919165970583733,0.8187417797545173,26
La Liga,Football,2014,0.5469072260467345,2.613189417307676,2.385206600342157,1.7946852108606766,0.8185042064469996,20
NFL,American Football,2012,0.2516212031106043,0.5295864493101777,1.5180393141730553,-0.2859199728455198,0.8155064221556976,32
NHL,Ice Hockey,2020,0.1841901491769247,1.5906389169158044,1.9218986992416536,0.7781772686859956,0.8124616482298088,31
Prem League,Football,2005,0.3785206357639794,-0.624990398944225,1.972174861469065,0.179853744487417,0.804844143431642,20
EFL Championship,Football,2005,0.2595323185395967,-0.0396036883137643,1.6283642247080898,0.7591312833014358,0.7987349716152,24
La Liga,Football,2021,0.3753576690826699,-0.1214068531722079,1.681086741241792,-0.9199215243018076,0.7985146711295997,20
Prem League,Football,2008,0.5018715740751591,1.42562471538759,2.07237468670732,0.6326560419412383,0.7929686734463518,20
MLS,Football,2015,0.1540472940568645,-1.7698110695164784,0.9418380028059028,-0.9777750394700464,0.792036030046432,20
Prem League,Football,2021,0.442830566900828,0.4441130760384835,1.8560711193270585,-0.3448182403177563,0.7889313163562398,20
Prem League,Football,2019,0.4667903782203736,0.8424266349062046,2.292952589773144,1.629446016756679,0.7870193818504745,20
Bundesliga,Football,2008,0.4145021599838674,0.7108376574817171,1.7372839175886805,-0.0715960232917908,0.782433680773508,18
MLB,Baseball*,2017,0.1524997018172139,0.6325188912225146,1.7814776314734715,-0.1450292640855522,0.7775481553080668,30
NBL,Basketball,2021,0.0511445438795907,-0.226412242296741,1.8439088914585775,0.5478316708942137,0.7742439131909546,10
NBA,Basketball,2016,0.0387271632278702,0.5409963472472991,3.014868304637691,1.3008794428538248,0.7598830956065258,30
Ligue 1,Football,2019,0.2927443122463803,-0.7079204006661307,1.6342884285830497,0.0429709820676428,0.7508913827337735,20
Ligue 1,Football,2017,0.3477177293757214,0.4071658945130147,1.9100840433424855,1.1471050697624718,0.7399391752494571,20
MLB,Baseball*,2009,0.1082130367297161,-0.9349537468752812,1.7666317257201596,-0.195292254360808,0.7396614925144732,30
AFL,Australian Rules,2002,0.1259930429126181,-1.0328793718557538,1.6367581595114389,-0.2985375064978737,0.7343418653578802,16
Euroleague,Basketball,2015,0.0708123839099562,0.6231862234069643,1.6708338681040216,-0.111147374257786,0.7343335976647503,24
NBL,Basketball,2022,0.0498365631559698,-0.3412786888492185,1.7808505191139914,0.3915806910497124,0.7328593798989309,10
Prem League,Football,2017,0.5140964414999485,1.6288537970240418,2.1314684831676125,0.8997004877660129,0.7291533092580289,20
AFL,Australian Rules,2009,0.1753010741743801,-0.2783855959764653,1.9416195208218228,0.4505673591262064,0.7289529551026717,16
Prem League,Football,2025,0.3637193172831498,-0.8710510110837031,1.8981292729532688,-0.1547577432726667,0.7162932678110364,20
Prem League,Football,2012,0.3882626677584141,-0.4630365595523005,1.987526894885887,0.2492294742873018,0.7122660338396023,20
Prem League,Football,2013,0.396104144616929,-0.3326779973483484,2.014160397104252,0.3695860813476594,0.7022640786960078,20
A-League,Football,2023,0.3068016392688618,-0.6774863303642129,1.0392921654319374,-1.378564935634781,0.7010786052705682,12
Prem League,Football,2004,0.3091814336390573,-1.7777016619455122,1.6933305705185362,-1.0802416226857046,0.6974600392598076,20
EFL Championship,Football,2018,0.2667730039452567,0.1363687223672539,1.6462059292058986,0.829718327372523,0.6933496050052692,24
Eredivisie,Football,2007,0.3647375908159225,-0.754748234877032,1.4775000967674123,-1.4480671499575732,0.6933189150805412,18
Euroleague,Basketball,2007,0.0807418410154984,1.3000316533357532,1.7877469989037758,0.6071994016884944,0.6928322516472588,24
AFL,Australian Rules,2003,0.1538025795110434,-0.6073478359846255,1.7915125021764562,0.0817246250117779,0.6890724609964034,16
Prem League,Football,2011,0.3219668219012674,-1.5651543496020246,1.4344446935826312,-2.2501450589061767,0.6849907093041521,20
AFL,Australian Rules,2005,0.1291922488511326,-0.9839262721963664,1.6339352245979086,-0.305474017802475,0.6784522543938913,16
NFL,American Football,2010,0.2351920793081681,-0.0054993182023244,1.4737282653189494,-0.6813016689229925,0.6758023507206681,32
EFL Championship,Football,2006,0.2114309233456891,-1.2086254031331425,1.3016502903087563,-0.5334453810478954,0.6751800220852471,24
EFL Championship,Football,2020,0.2985315292518667,0.9082050810508824,1.5004025224814168,0.2528770565488935,0.6553280245019889,24
EFL Championship,Football,2023,0.2814056007260406,0.491988830931154,1.7253701556225678,1.1429153506509468,0.6509265197197929,24
Ligue 1,Football,2012,0.2490330489087474,-1.5945640411384263,1.386400109332762,-0.9494376298834886,0.6451264112549377,20
Prem League,Football,2007,0.4109827852686495,-0.0853319631887965,1.7708160473872518,-0.7300853039293299,0.6447533407405334,20
La Liga,Football,2011,0.3459567379604394,-0.590074205151025,1.9333635811305911,0.0526861927460166,0.6427603978970416,20
NBA,Basketball,2018,0.0328082508824482,-0.722988599428988,2.6540351239243978,-0.0863499928312882,0.6366386065976998,30
Ligue 1,Football,2005,0.3188454375576766,-0.1784825624669519,1.4201556623353504,-0.8142989448407374,0.6358163823737855,20
AFL,Australian Rules,2007,0.1448166129082355,-0.744847867897996,1.7137064429847004,-0.1094603033276278,0.6353875645703682,16
MLS,Football,2020,0.2744513056464239,0.767721993752667,1.1889940789453166,0.1380545968092518,0.6296673969434152,26
NHL,Ice Hockey,2011,0.1355837210622774,-0.3442125384231706,1.424523882805384,-0.964534257123098,0.6203217186999275,30
Eredivisie,Football,2013,0.3515172460545259,-0.9968876949282482,1.4362512731693104,-1.6077646537456234,0.6108769588173751,18
Eredivisie,Football,2011,0.368180534664496,-0.6916884146131491,1.5173889204164073,-1.2936349744402242,0.6019465598270751,18
NBL,Basketball,2025,0.0726703258049075,1.6639750045273445,2.055267968680932,1.071553766582872,0.5924212379444724,10
Eredivisie,Football,2005,0.4518444776914786,0.8406726815561142,1.9165600993392005,0.2517822107673703,0.5888904707887439,18
La Liga,Football,2007,0.3496960417632601,-0.530467602753756,1.6295785699957743,-1.1185019602505852,0.5880343574968292,20
Euroleague,Basketball,2012,0.0703847498171232,0.5940363737888784,1.881224550284267,1.181551462899996,0.5875150891111175,24
NHL,Ice Hockey,2009,0.1135143545352429,-1.2227166293331997,1.5173789982697945,-0.6391867031202382,0.5835299262129615,30
MLS,Football,2008,0.1984824347094033,-0.8333336458140131,0.8454542562482515,-1.4129164389636817,0.5795827931496685,13
La Liga,Football,2019,0.3795124756540739,-0.0551769033210007,1.7588123983619113,-0.620264314543816,0.5650874112228154,20
MLS,Football,2019,0.214060575286429,-0.5050219371210368,1.170162828734375,0.0530376010639931,0.55805953818503,24
AFL,Australian Rules,2022,0.1915470385241126,-0.0297956873678931,1.97188430737228,0.5249339458414688,0.5547296332093619,18
Bundesliga,Football,2023,0.4584953737720931,1.7976300207279827,2.2987635210021486,2.347246239329002,0.5496162186010194,18
NBA,Basketball,2015,0.0380431855471995,0.3949327731011131,2.9217435489538883,0.9428597008218352,0.5479269277207222,30
La Liga,Football,2016,0.4306549856030524,0.7600634239900922,2.258084889551554,1.3045904523653615,0.5445270283752693,20
EFL Championship,Football,2019,0.2537157270805635,-0.1809659439080473,1.2537383711850103,-0.722999061142395,0.5420331172343477,24
AFL,Australian Rules,2024,0.1555123323326772,-0.5811858126954269,1.7417854130520136,-0.040464701494957,0.54072111120047,18
AFL,Australian Rules,2001,0.1750777098362393,-0.2818034368143193,1.8586407545691703,0.2466720629949943,0.5284754998093136,16
Euroleague,Basketball,2003,0.0591652079312772,-0.1707482031132039,1.5762380487452077,-0.6923703847918907,0.5216221816786868,24
AFL,Australian Rules,2004,0.1605584779907107,-0.5039715051325306,1.7645499039801522,0.015472170414376,0.5194436755469066,16
MLB,Baseball*,2006,0.0946275419881583,-1.415795807128427,1.5579258836622851,-0.901896478047451,0.5138993290809759,30
AFL,Australian Rules,2013,0.2127686143468387,0.2949292400500474,2.086378246221792,0.8062682753477705,0.5113390352977231,18
A-League,Football,2022,0.3293542023892748,-0.2317114945062734,1.2177462719737568,-0.7429442141743073,0.511232719668034,12
MLB,Baseball*,2021,0.1883663446091996,1.9019750827372888,2.2353255655693185,1.3915394489965405,0.5104356337407483,30
NRL,Rugby League,2014,0.1760628544293421,-0.7485688952273245,1.1921509796721776,-1.2584502763626697,0.5098813811353452,16
Ligue 1,Football,2007,0.299970594223942,-0.5613417737759643,1.35685394629597,-1.0677242306257315,0.5063824568497672,20
A-League,Football,2025,0.3689740800599772,0.5514165415874611,1.4394152456574307,0.0465999196571056,0.5048166219303555,13
NBL,Basketball,2024,0.0529570369875789,-0.0672396803807539,1.392095914254028,-0.5717059538464766,0.5044662734657227,10
Euroleague,Basketball,2001,0.0658052152088141,0.2818705586906216,1.6546204043207424,-0.2107674028719273,0.4926379615625489,32
A-League,Football,2020,0.275149615059654,-1.3031214664281958,1.1986430132064798,-0.8109865100631792,0.4921349563650166,11
Eredivisie,Football,2006,0.3567513111729699,-0.9010222901656084,1.7419802753169509,-0.4241149343185629,0.4769073558470455,18
NRL,Rugby League,2012,0.201986692941703,-0.2002113346548578,1.353044406760793,-0.6771100232588527,0.4768986886039949,16
MLB,Baseball*,2010,0.136052113188681,0.0503764994443651,1.7001573396082694,-0.4203510334083689,0.470727532852734,30
AFL,Australian Rules,2006,0.169963806884546,-0.3600545421366986,1.801987539054888,0.1074638694325748,0.4675184115692734,16
NRL,Rugby League,2015,0.1755687944120253,-0.7590195677133084,1.4593002746750463,-0.2931862405115539,0.46583332720175447,16
Bundesliga,Football,2014,0.3877769302102679,0.0506272949525029,1.6577101389765496,-0.4143981794757527,0.4650254744282556,18
La Liga,Football,2010,0.3522448493451151,-0.4898381786336369,1.912493550040724,-0.0277744365451241,0.46206374208851275,20
MLB,Baseball*,2012,0.1234737178968363,-0.3948205008759565,1.8436856984672063,0.0655852661630338,0.4604057670389903,30
Ligue 1,Football,2018,0.3607655792302943,0.6718297868840786,1.9053249481111447,1.128052267649964,0.45622248076588545,20
EFL Championship,Football,2008,0.1981873160213267,-1.530488510893509,1.164010952519151,-1.0779871877829732,0.4525013231105357,24
Eredivisie,Football,2010,0.3764687633057704,-0.5398839613859254,1.5957687333694128,-0.990182430000987,0.4502984686150616,18
Bundesliga,Football,2022,0.3441336859054104,-1.0275195493797618,1.617914416408832,-0.5858373110722089,0.4416822383075528,18
MLS,Football,2012,0.2607661278404504,0.4793047666111589,1.3605393403811537,0.9125258930982216,0.43322112648706274,19
A-League,Football,2019,0.3936774595929332,1.0397044979338703,1.839484629917767,1.4715735197922797,0.43186902185840936,10
NFL,American Football,2018,0.2142181716082942,-0.6886057111104625,1.4248766393972496,-1.1171983405783772,0.42859262946791465,32
Bundesliga,Football,2011,0.42669947188205,1.012155617267266,1.8895615872502327,0.5844129586756857,0.42774265859158045,18
NHL,Ice Hockey,2023,0.1561284491231382,0.473601041590153,1.955293004055228,0.8951848813994442,0.4215838398092912,32
AFL,Australian Rules,2011,0.2400684735475454,0.712661875530212,2.219193350186317,1.1326213434458272,0.4199594679156152,17
La Liga,Football,2017,0.3713487103495776,-0.1853119065808749,1.7635938188524976,-0.6018304128442201,0.4165185062633452,20
AFL,Australian Rules,2019,0.1381783722020989,-0.8464238417790025,1.5827351342061329,-0.4312828007456926,0.41514104103330995,18
NHL,Ice Hockey,2014,0.1450845386611032,0.0339816937191149,1.8275222018826431,0.4474990673016004,0.41351737358248547,30
NBL,Basketball,2023,0.0420049960587268,-1.029044393000632,1.0419761445034554,-1.439260174680323,0.41021578167969097,10
La Liga,Football,2018,0.2806856318823963,-1.6305322885752958,1.6023009770491412,-1.2236657850950654,0.40686650348023035,20
Prem League,Football,2001,0.3448707681744952,-1.1843937404914568,1.5810556100609687,-1.587611370295945,0.40321762980448805,20
Prem League,Football,2009,0.4502300422844704,0.5671237013938,1.9689029806896077,0.1650681385204338,0.4020555628733662,20
NFL,American Football,2014,0.2254625115108053,-0.3223849485635016,1.558667174022408,0.0765971092511843,0.3989820578146859,32
EFL Championship,Football,2017,0.3190533297619625,1.4069521616040035,1.6928647502981249,1.0143143821466865,0.39263777945731704,24
Euroleague,Basketball,2025,0.0418550848769673,-1.3506996905188082,1.405901700083268,-1.7389642622353223,0.3882645717165141,20
NBA,Basketball,2022,0.0350416178378069,-0.2460526275420055,2.5117609538789507,-0.6333255127503806,0.3872728852083751,30
MLS,Football,2013,0.2788167277355199,0.8597239357142694,1.264189465259718,0.4775374121690139,0.3821865235452555,19
NRL,Rugby League,2008,0.1693070955547027,-0.8914710142382359,1.3984738705698674,-0.512964250078248,0.37850676415998796,16
MLB,Baseball*,2008,0.1132907798873511,-0.7552332046498524,1.712665639862123,-0.3780023492346758,0.37723085541517665,30
NHL,Ice Hockey,2008,0.1227142420469964,-0.8565013686873123,1.559653911995624,-0.4910630407071287,0.3654383279801836,30
Ligue 1,Football,2020,0.4058120847652039,1.5855576137263987,1.930366749991743,1.2283058815364136,0.35725173218998507,20
Eredivisie,Football,2016,0.4623648227296448,1.0333598401037816,2.0267814724964563,0.6785114268246968,0.3548484132790848,18
EFL Championship,Football,2015,0.2968549101093378,0.8674577352161736,1.5665587381880184,0.5146105537173825,0.35284718149879113,24
Ligue 1,Football,2023,0.3290804903134583,0.0291262720276429,1.5434872662825798,-0.3205469751910638,0.3496732472187067,18
Euroleague,Basketball,2022,0.0444987007430422,-1.1704965536885634,1.555088632070459,-0.8223182801011996,0.34817827358736386,18
AFL,Australian Rules,2025,0.2226837418349718,0.4466469579433491,2.0815370678132594,0.7943725392479323,0.3477255813045832,18
NFL,American Football,2007,0.2691617747364427,1.1008713421556506,1.6345871038277526,0.7540207177816876,0.3468506243739631,32
NBA,Basketball,2007,0.0320164346401664,-0.8920811205493809,2.354721946887673,-1.2370647049677297,0.34498358441834875,30
NBA,Basketball,2017,0.0301583737912093,-1.2888703963538768,2.4294935736466243,-0.949603886123316,0.33926651023056076,30
NHL,Ice Hockey,2021,0.2041381134726508,2.3846974241074643,2.2848140224934737,2.0497670151377405,0.3349304089697238,31
A-League,Football,2017,0.4118351315190535,1.398609744278232,1.725194567663687,1.0644933285125298,0.33411641576570217,10
AFL,Australian Rules,2023,0.1665512983855311,-0.4122715209281139,1.725841607416965,-0.0796417960485034,0.3326297248796105,18
EFL Championship,Football,2011,0.2340938445513128,-0.6578420650654293,1.3539506516670976,-0.3265297294301684,0.3313123356352609,24
MLS,Football,2022,0.2412933776874911,0.0689135620858917,1.1006039142374784,-0.2609983695478483,0.32991193163374,27
NFL,American Football,2017,0.25249402726672,0.5580137585869727,1.5761900266148114,0.2329512321452539,0.32506252644171874,32
A-League,Football,2018,0.376038811084692,0.6910582885635396,1.7109668048817916,1.013816653038673,0.3227583644751334,10
La Liga,Football,2008,0.2967946305134136,-1.373745804499601,1.6456481685757869,-1.0565485300598858,0.3171972744397151,20
NFL,American Football,2019,0.2336113145853834,-0.0569837865841685,1.578589040686334,0.254357321078858,0.3113411076630265,32
MLB,Baseball*,2018,0.1688602765879272,1.2115815333514632,2.273657821718261,1.521318921536511,0.3097373881850478,30
MLB,Baseball*,2005,0.1116825581728378,-0.8121542559079195,1.6738118444242711,-0.5095475694927164,0.30260668641520305,30
EFL Championship,Football,2010,0.2356448518682735,-0.6201474987007413,1.2046107074576995,-0.9173625853816372,0.2972150866808959,24
NFL,American Football,2005,0.2766154208209959,1.343631697721802,1.6677080080157918,1.0495542159076965,0.2940774818141054,32
NHL,Ice Hockey,2006,0.1503318511201509,0.2428588019908785,1.851948950554709,0.5330859829276475,0.290227180936769,29
Bundesliga,Football,2018,0.4325910521636636,1.1576990751362972,1.9552918717057208,0.8675776346647092,0.29012144047158805,18
NBA,Basketball,2020,0.0353093235103057,-0.1888840262127425,2.552265835467796,-0.4776037913778865,0.28871976516514397,30
MLB,Baseball*,2011,0.1207080963423654,-0.4927063115460933,1.7635931024477765,-0.2055799588988681,0.2871263526472252,30
NHL,Ice Hockey,2019,0.1243198272455824,-0.7925886522287525,1.393841445201713,-1.0720399769240272,0.27945132469527467,31
NBA,Basketball,2023,0.0258892010231369,-2.2005531175513835,2.176743297247937,-1.92130671734493,0.2792464002064534,30
NRL,Rugby League,2009,0.2224797550608534,0.233270981127934,1.5290162278406332,-0.0412885055199684,0.2745594866479024,16
AFL,Australian Rules,2017,0.1586146222019593,-0.5337156879013372,1.4301938838683883,-0.8061069252107337,0.2723912373093965,18
Eredivisie,Football,2021,0.4666139051054523,1.111184626882071,2.068191158856341,0.8388317212590808,0.2723529056229903,18
La Liga,Football,2006,0.3188336221044358,-1.022431902694705,1.5844778489911824,-1.2923796309587738,0.26994772826406876,19
NFL,American Football,2015,0.229810452623381,-0.1807753633355454,1.5,-0.4468824149059743,0.2661070515704289,32
Ligue 1,Football,2009,0.2958171693372572,-0.6455902598815565,1.397271777805818,-0.905913443461276,0.2603231835797195,20
NHL,Ice Hockey,2010,0.1336893345870457,-0.4196214209670817,1.5066249364679294,-0.6768669933803194,0.2572455724132377,30
Eredivisie,Football,2022,0.4505345546800355,0.8166805651307043,1.996092770171629,0.5596981194799745,0.2569824456507298,18
NRL,Rugby League,2019,0.2406516543585641,0.6176545809991422,1.6455036589648369,0.3796039691978489,0.23805061180129328,16
MLS,Football,2007,0.2075197144438583,-0.6428715854105354,1.067356778728016,-0.4110984184818097,0.23177316692872563,13
MLS,Football,2014,0.2757401563124714,0.7948847197742951,1.385697091078082,1.0261049895470766,0.23122026977278154,19
Euroleague,Basketball,2006,0.0571938790145771,-0.3051246301396328,1.676779226729085,-0.074617438133898,0.23050719200573483,24
NBA,Basketball,2019,0.0339585826564557,-0.4773350128957279,2.61204215655917,-0.2477926858387676,0.2295423270569603,30
Euroleague,Basketball,2002,0.0596906666385798,-0.1349300993766405,1.6297290409686414,-0.3637068587788492,0.22877675940220868,24
Ligue 1,Football,2015,0.3525233597574259,0.5046437821569159,1.6935636671636651,0.2802764647171343,0.22436731743978156,20
MLS,Football,2005,0.3116382697714995,1.5514429823161873,1.452966314513558,1.3298037465885912,0.22163923572759603,12
MLS,Football,2021,0.262459266140838,0.5149879167089023,1.321052129905624,0.7342539266921001,0.21926600998319778,27
Ligue 1,Football,2021,0.3621262155246205,0.6994290696602738,1.8517751735001275,0.913668396506934,0.21423932684666014,19
Prem League,Football,2015,0.3739475853595539,-0.7010138682935956,1.8246124318100516,-0.4869798254174507,0.21403404287614486,20
NHL,Ice Hockey,2015,0.1264245075316268,-0.7088087105125842,1.437024930335763,-0.9207328443938108,0.21192413388122655,30
Bundesliga,Football,2021,0.4052507770308353,0.4822948556027374,1.816670164494644,0.2703982502661575,0.2118966053365799,18
NRL,Rugby League,2021,0.3098803032946562,2.0820231016648703,2.1740658913657605,2.289405429240302,0.20738232757543162,16
NRL,Rugby League,2010,0.1242850021064856,-1.8438070397600048,0.9732757188998398,-2.049290535023294,0.20548349526328935,16
Eredivisie,Football,2018,0.4593362604768498,0.9778896960297316,2.052329211517331,0.7774211603194963,0.20046853571023537,18
La Liga,Football,2012,0.3846427744331617,0.0266029401016186,1.977771207032912,0.2238917606745201,0.1972888205729015,20
MLB,Baseball*,2022,0.1715401356392803,1.3064318845498544,2.2684089164755283,1.5035479833697794,0.19711609881992498,30
MLS,Football,2006,0.1550245540439537,-1.7492151649788257,0.7282732622061892,-1.941950675156388,0.1927355101775623,12
AFL,Australian Rules,2014,0.2144614049382867,0.3208317133881999,1.8117028220987152,0.1313362479057412,0.18949546548245869,18
AFL,Australian Rules,2010,0.1806952763301227,-0.1958454529572366,1.6016681644744362,-0.3847605880453622,0.18891513508812557,16
La Liga,Football,2015,0.4416949846618405,0.9360472084226422,2.113615012496985,0.7476129772782307,0.1884342311444115,20
La Liga,Football,2022,0.37514418064339,-0.1248099787772916,1.8395508605148845,-0.3089917800251134,0.1841818012478218,20
AFL,Australian Rules,2016,0.2355911453869678,0.6441514089128888,2.0937617781969333,0.8244110787004012,0.1802596697875124,18
La Liga,Football,2020,0.4125877876936191,0.4720621438031217,2.0887543505261945,0.6517671925666148,0.17970504876349302,20
Ligue 1,Football,2008,0.3277948064295747,0.0030473314466302,1.581471666385126,-0.1684783101746077,0.1715256416212379,20
NFL,American Football,2013,0.2358085922493866,0.0145801032141937,1.5334009127997152,-0.1488504365439116,0.16343053975810531,32
A-League,Football,2016,0.3266527320051668,-0.2851088627176413,1.3904435743076138,-0.1278281710027266,0.1572806917149147,10
EFL Championship,Football,2022,0.2524515546626153,-0.2116894811755136,1.421825644814162,-0.0579962418822154,0.1536932392932982,24
Prem League,Football,2014,0.4606746649090086,0.7407575732605769,2.1297392971169526,0.8918863083041015,0.15112873504352464,20
Prem League,Football,2002,0.3881901803950495,-0.464241606590844,1.8622990884218469,-0.3166740922827063,0.1475675143081377,20
NHL,Ice Hockey,2007,0.1015505867672717,-1.6989522708947946,1.1728639120109208,-1.846305342419868,0.1473530715250735,30
Bundesliga,Football,2020,0.3863941753641091,0.0164682218217874,1.7235394498804253,-0.1308068996403527,0.14727512146214009,18
Ligue 1,Football,2016,0.3944031885891316,1.354138421808094,1.9262043396002244,1.211641877635338,0.14249654417275615,20
EFL Championship,Football,2013,0.2888690719267627,0.6733756673503676,1.6418441381303657,0.8124617956933143,0.13908612834294676,24
EFL Championship,Football,2014,0.3239671270117695,1.5263735560165237,1.787258648953998,1.3877644796573922,0.13860907635913144,24
Eredivisie,Football,2020,0.4452393748829784,0.7196958041373706,2.070647652148092,0.8483421948325067,0.12864639069513617,18
NBA,Basketball,2010,0.0408217456847275,0.9882948609831116,2.9005185967480545,0.8612600031090641,0.12703485787404745,30
Eredivisie,Football,2012,0.352504478650577,-0.9788058693732308,1.566186826809174,-1.1047107055462528,0.12590483617302206,20
NHL,Ice Hockey,2016,0.146344736491115,0.0841457502028012,1.688796174890624,-0.038571875937788,0.1227176261405892,30
MLB,Baseball*,2024,0.1477730992315642,0.4652265423962824,1.9264173162294984,0.3456852862048958,0.11954125619138661,30
AFL,Australian Rules,2012,0.2577719710073465,0.9835544320349604,2.1104464663472564,0.8654086686248995,0.11814576341006089,18
Prem League,Football,2022,0.4651119341173497,0.8145237839563467,2.1383712444164997,0.9308940167451216,0.1163702327887749,20
Ligue 1,Football,2010,0.2699266706169548,-1.170755727228019,1.302224816874648,-1.2864292453076611,0.11567351807964221,20
A-League,Football,2021,0.290600939052245,-0.9977099981259192,1.1146844250824388,-1.1100315664665172,0.11232156834059803,12
MLB,Baseball*,2023,0.1508944944950477,0.575704530714706,2.027384538227423,0.6875246176494693,0.11182008693476331,30
AFL,Australian Rules,2018,0.2139686930934207,0.3132924137905362,1.9304692590261296,0.4231689530827722,0.10987653929223601,18
Prem League,Football,2006,0.4339876988015385,0.2971071494787652,2.021659037315119,0.4034723831170148,0.10636523363824957,20
NHL,Ice Hockey,2018,0.1382772584980268,-0.2369922585195066,1.602166554817786,-0.3421064184767781,0.1051141599572715,30
AFL,Australian Rules,2021,0.1755568819386332,-0.2744713174905527,1.689241058444695,-0.1695766083900559,0.10489470910049681,18
NHL,Ice Hockey,2013,0.1444093645818847,0.0071053812548118,1.7315813534858358,0.1113396624185775,0.1042342811637657,30
Ligue 1,Football,2022,0.4098992334710367,1.6684617471462002,2.0637217274674056,1.7621859308007484,0.09372418365454815,20
NRL,Rugby League,2007,0.2347384509940696,0.4925747333300952,1.6518219108003134,0.4024330815343433,0.0901416517957519,16
NFL,American Football,2008,0.2565061348020366,0.6886854648625851,1.6369005343560128,0.7746631559472231,0.08597769108463804,32
AFL,Australian Rules,2020,0.1827614571525841,-0.164229496479225,1.657929166544259,-0.246516140752214,0.08228664427298901,18
NBA,Basketball,2014,0.038874085792597,0.5723716911118452,2.8041780674818675,0.4908771636391846,0.08149452747266056,30
Prem League,Football,2020,0.4321743743038837,0.2669620150112953,2.008927443608706,0.3459384017272803,0.078976386715985,20
NBA,Basketball,2006,0.0320365269497314,-0.8877904037162901,2.4261448558955867,-0.9624780897285872,0.07468768601229703,30
NBA,Basketball,2011,0.0398631921412206,0.783595554950483,2.861007838797115,0.709360207343543,0.07423534760694006,30
La Liga,Football,2005,0.3362018899427961,-0.7455719603200065,1.7071829674087446,-0.8193122453565373,0.07374028503653085,20
Prem League,Football,2023,0.4289197808026634,0.2128568844303512,1.9954553628841607,0.2850581647702547,0.0722012803399035,20
MLB,Baseball*,2007,0.0955488865690879,-1.3831859364593764,1.4358624447416537,-1.315160144500628,0.06802579195874836,30
MLB,Baseball*,2013,0.1393582068906398,0.1673916643155362,1.893233927721412,0.2333380598654119,0.06594639554987569,30
A-League,Football,2015,0.3970543565114325,1.1064523731760725,1.7196037441913867,1.044579843091061,0.06187253008501137,10
NFL,American Football,2011,0.2500234364884323,0.4775482402363616,1.6105123408406408,0.5392047549763872,0.06165651474002559,32
Eredivisie,Football,2008,0.3522194863620708,-0.9840256938258536,1.6128568409944153,-0.9240247097526934,0.060000984073160235,18
MLB,Baseball*,2014,0.1036554859254627,-1.096262713542644,1.4829622229620387,-1.1556969407058846,0.05943422716324065,30
Euroleague,Basketball,2004,0.0631365464654013,0.0999596824187941,1.7139363684898503,0.1536863700409223,0.053726687622128205,24
Prem League,Football,2018,0.501209706931145,1.414621679757888,2.234831914084485,1.3667990967763664,0.047822582981521755,20
Ligue 1,Football,2013,0.3368728970979721,0.1871882311637914,1.6590263473051388,0.1420080147757495,0.0451802163880419,20
Bundesliga,Football,2019,0.4091034798553512,0.5774706258407797,1.89790236997454,0.6203448743396519,0.042874248498872225,18
MLB,Baseball*,2016,0.1189007462442284,-0.5566752697120768,1.6482188915320968,-0.596196263328555,0.039520993616478206,30
NRL,Rugby League,2017,0.2417600129191006,0.6410992879319385,1.7078251276599328,0.6047839472777133,0.03631534065422515,16
NRL,Rugby League,2013,0.2054181728306011,-0.1276264842233738,1.4963062158751683,-0.159476345627066,0.0318498614036922,16
NHL,Ice Hockey,2022,0.1834027839311088,1.5592966675294295,2.151998503943628,1.5844054259813949,0.025108758451965363,32
EFL Championship,Football,2007,0.180999999424722,-1.9481966925358396,0.9382344144323,-1.971225748376296,0.023029055840456447,24
Prem League,Football,2003,0.332671988560268,-1.3871891322073389,1.6303051054456357,-1.3650532510018938,0.022135881205445074,20
NBA,Basketball,2013,0.0376306860630619,0.3068434235663288,2.7619609636733857,0.3285727741794089,0.021729350613080067,30
Ligue 1,Football,2006,0.2588516653011579,-1.3954022435183435,1.2784653629295266,-1.3815490427297714,0.013853200788572106,20
MLS,Football,2023,0.2478922924742308,0.2079867061778743,1.2074076085785204,0.2211857194349654,0.013199013257091108,28
Euroleague,Basketball,2013,0.0703915368139902,0.5944990121550611,1.7873129011970832,0.6045321847051226,0.010033172550061531,24
MLB,Baseball*,2015,0.114449716618106,-0.7142140488575665,1.6149931943610931,-0.7086867318486171,0.005527317008949373,30
AFL,Australian Rules,2015,0.2176974886670423,0.3703491037420873,1.907227577164213,0.3660595283488105,0.00428957539327679,18
Eredivisie,Football,2023,0.5098135453434433,1.90241494276446,2.341876672058426,1.898422988810663,0.003991953953797145,18
NBA,Basketball,2024,0.040431948938612,0.9050536858144236,2.912267297657983,0.9064280879872212,0.0013744021727976063,30
