League,Season,Teams,WIM,WIM_TB,WinPct_SD,Noll_Scully,HHI,WIM_Z,WIM_TB_Z,NS_Z
WIM Raw Data - A-League,2015,10,0.39705435651143256,0.46196232992790315,0.16546894743473092,1.7196037441913867,0.1191849288735102,1.1064523731760723,0.5602649213710154,1.0445798430910613
WIM Raw Data - A-League,2016,10,0.32665273200516687,0.3650005934471192,0.1337954953199144,1.3904435743076138,0.11183673469387757,-0.2851088627176413,-0.9903565501739388,-0.12782817100272664
WIM Raw Data - A-League,2017,10,0.41183513151905354,0.5147939143988169,0.16600692467418496,1.725194567663687,0.12049790837669624,1.3986097442782321,1.4051527320650339,1.0644933285125298
WIM Raw Data - A-League,2018,10,0.37603881108469206,0.43924362461614863,0.1646378575621694,1.7109668048817916,0.11694101508916323,0.6910582885635396,0.19694518782756204,1.013816653038673
WIM Raw Data - A-League,2019,10,0.39367745959293327,0.4607790088033761,0.1770044910422003,1.839484629917767,0.12032751868992522,1.0397044979338705,0.5413411354527625,1.4715735197922795
WIM Raw Data - A-League,2020,11,0.275149615059654,0.34285564792408163,0.11753661758022106,1.1986430132064798,0.09867674858223063,-1.3031214664281958,-1.3445006616608512,-0.8109865100631792
WIM Raw Data - A-League,2021,12,0.29060093905224504,0.40879720212140674,0.10930380067294827,1.1146844250824388,0.09017724736953606,-0.9977099981259191,-0.28995694661835314,-1.1100315664665172
WIM Raw Data - A-League,2022,12,0.3293542023892748,0.4146694920119489,0.11940984621921255,1.2177462719737568,0.09164033323757542,-0.23171149450627346,-0.1960467185025887,-0.7429442141743073
WIM Raw Data - A-League,2023,12,0.30680163926886184,0.38946566269083666,0.10191098138195287,1.0392921654319374,0.08948791000073052,-0.6774863303642129,-0.5991087956572838,-1.378564935634781
WIM Raw Data - A-League,2024,12,0.2757070445571735,0.3625268487138833,0.1245323518631606,1.2941781636782332,0.09244826659500135,-1.2921032933969363,-1.0299169153004137,-0.47070786675014037
WIM Raw Data - A-League,2025,13,0.3689740800599772,0.5361188153364564,0.14114627741865754,1.4394152456574307,0.08812800000000001,0.5514165415874611,1.7461826111970582,0.04659991965710565
WIM Raw Data - AFL,2000,1,0.46433789171005824,,0.0,0.0,1.0,4.1443519226424055,,-4.320377125234008
WIM Raw Data - AFL,2001,16,0.1750777098362393,0.2765388972044724,0.1981317701609397,1.8586407545691703,0.07231404958677685,-0.2818034368143193,-0.24837850752930377,0.24667206299499433
WIM Raw Data - AFL,2002,16,0.12599304291261815,0.21133204344370848,0.17447900605436462,1.6367581595114389,0.07028669573259347,-1.0328793718557538,-1.4080894665203239,-0.29853750649787375
WIM Raw Data - AFL,2003,16,0.15380257951104345,0.23068301442089303,0.19097587441202626,1.7915125021764562,0.07193691737111163,-0.6073478359846255,-1.0639303511044296,0.08172462501177796
WIM Raw Data - AFL,2004,16,0.16055847799071077,0.2721581828086641,0.188101651786896,1.7645499039801522,0.07134555785123967,-0.5039715051325306,-0.32628998768854944,0.01547217041437602
WIM Raw Data - AFL,2005,16,0.12919224885113262,0.22220814483026852,0.17417808018146966,1.6339352245979086,0.07017142857142858,-0.9839262721963664,-1.214656824985936,-0.305474017802475
WIM Raw Data - AFL,2006,16,0.16996380688454601,0.23393038262788748,0.1920925170951928,1.8019875390548878,0.07193816884661118,-0.3600545421366986,-1.0061755557059655,0.1074638694325748
WIM Raw Data - AFL,2007,16,0.14481661290823553,0.22620785228058415,0.18268172063378157,1.7137064429847004,0.07113501954625948,-0.744847867897996,-1.1435215946325872,-0.1094603033276278
WIM Raw Data - AFL,2008,16,0.1673785102362459,0.2749103992977149,0.20572576125263264,1.929878705562041,0.07332540626238605,-0.39961382244113647,-0.27734151924107286,0.4217178460239489
WIM Raw Data - AFL,2009,16,0.1753010741743801,0.26471932195785564,0.20697733636462481,1.9416195208218228,0.07345752411150747,-0.27838559597646534,-0.45859093388575456,0.4505673591262064
WIM Raw Data - AFL,2010,16,0.1806952763301227,0.26888179802303314,0.1707384000149627,1.6016681644744362,0.06995640110978994,-0.19584545295723663,-0.38456084608187374,-0.3847605880453622
WIM Raw Data - AFL,2011,17,0.24006847354754543,0.38241556321303394,0.23656680599566487,2.219193350186317,0.07242438563327032,0.712661875530212,1.6346494686716202,1.1326213434458272
WIM Raw Data - AFL,2012,18,0.25777197100734656,0.41718249149289555,0.22497434922770085,2.1104464663472564,0.06691746759772217,0.9835544320349604,2.2529830549620744,0.8654086686248995
WIM Raw Data - AFL,2013,18,0.2127686143468387,0.35317532153646647,0.22240866834162407,2.0863782462217917,0.06665979540828158,0.29492924005004745,1.1146086024112452,0.8062682753477705
WIM Raw Data - AFL,2014,18,0.21446140493828675,0.3420959219215534,0.19312816974746355,1.8117028220987152,0.0639284702002113,0.32083171338819994,0.9175602798591921,0.13133624790574128
WIM Raw Data - AFL,2015,18,0.21769748866704236,0.34308360625933576,0.20382650779280775,1.9072275771642133,0.06498356344510192,0.3703491037420873,0.9351263528176025,0.36605952834881056
WIM Raw Data - AFL,2016,18,0.23559114538696782,0.37263708703266785,0.22319575549479145,2.0937617781969333,0.06662585450464238,0.6441514089128888,1.4607382103519186,0.8244110787004012
WIM Raw Data - AFL,2017,18,0.15861462220195935,0.26074607376791226,0.15245918028407657,1.4301938838683885,0.0608809993425378,-0.5337156879013372,-0.5292555834266465,-0.8061069252107337
WIM Raw Data - AFL,2018,18,0.21396869309342076,0.32956498114170096,0.20578871446342764,1.9304692590261296,0.06506222783374992,0.31329241379053624,0.6946961404210356,0.4231689530827722
WIM Raw Data - AFL,2019,18,0.13817837220209894,0.23334051947583856,0.16872013220697035,1.5827351342061329,0.061881440669319464,-0.8464238417790025,-1.016666335774053,-0.43128280074569264
WIM Raw Data - AFL,2020,18,0.18276145715258413,0.2889894622291755,0.2010534433368892,1.657929166544259,0.06477786062014826,-0.16422949647922505,-0.02694385960481342,-0.24651614075221404
WIM Raw Data - AFL,2021,18,0.17555688193863328,0.25662298429092095,0.18007370187885927,1.689241058444695,0.06298487836949376,-0.2744713174905527,-0.6025851764922843,-0.1695766083900559
WIM Raw Data - AFL,2022,18,0.19154703852411264,0.3153387230756519,0.21020357345107837,1.9718843073722798,0.06547450333685487,-0.02979568736789318,0.4416805993682204,0.5249339458414688
WIM Raw Data - AFL,2023,18,0.16655129838553118,0.2658092741679752,0.17993142576293422,1.7258416074169647,0.06289113622843545,-0.4122715209281139,-0.4392060157375844,-0.07964179604850347
WIM Raw Data - AFL,2024,18,0.15551233233267725,0.27321154613851467,0.1815936824078503,1.7417854130520136,0.06310073048827376,-0.5811858126954269,-0.30755580674019595,-0.04046470149495705
WIM Raw Data - AFL,2025,18,0.22268374183497183,0.34682714845082796,0.21701524101658165,2.0815370678132594,0.06612310302573286,0.44664695794334913,1.0017056562884759,0.7943725392479323
WIM Raw Data - Bundesliga,2005,18,0.4181298662241332,0.6080054734759476,0.14803596931903432,1.726381231612168,0.06589569160997732,0.8004551938817692,-0.32945165112631314,-0.11856456401125014
WIM Raw Data - Bundesliga,2006,17,0.38134398433485783,0.5389384944105533,0.13116879876141777,1.529677911364942,0.06620665560310944,-0.10828986177596046,-1.2935168769114638,-0.9659583096064086
WIM Raw Data - Bundesliga,2007,18,0.37305033033791607,0.6122412232771139,0.12439781902401492,1.4507153971054052,0.06174976915974146,-0.3131732756286565,-0.27032731785318026,-1.3061271518806583
WIM Raw Data - Bundesliga,2008,18,0.41450215998386747,0.5616388985547969,0.1489708669286468,1.7372839175886805,0.06413495838287753,0.7108376574817171,-0.9766553239251456,-0.0715960232917908
WIM Raw Data - Bundesliga,2009,18,0.3865422137962251,0.5920190755074451,0.1218827202547158,1.4213845572362698,0.06194214876033058,0.020125309441371825,-0.5525963517567429,-1.4324837900244367
WIM Raw Data - Bundesliga,2010,18,0.2904566511787659,0.5229701460149121,0.12526404254098664,1.4608172124206968,0.061084861725008044,-2.3535375053181125,-1.5164096341997748,-1.2626087450404657
WIM Raw Data - Bundesliga,2011,18,0.42669947188205004,0.7289095120187365,0.1620285693765241,1.8895615872502332,0.0661569213452619,1.0121556172672659,1.3581765149431653,0.5844129586756857
WIM Raw Data - Bundesliga,2012,18,0.36750110458528107,0.6365205715544046,0.16316977428522783,1.9028702090998586,0.0662126808248692,-0.45025933164912674,0.06857378504145031,0.6417462202784354
WIM Raw Data - Bundesliga,2013,18,0.38851340644708016,0.6354150327530295,0.18030214672070224,2.1026662881315086,0.06710607198961821,0.06882093622028619,0.05314222094838655,1.5024635053403468
WIM Raw Data - Bundesliga,2014,18,0.38777693021026793,0.6648303394136926,0.14214747170543496,1.6577101389765496,0.06393494897959184,0.050627294952502996,0.4637331377814709,-0.41439817947575275
WIM Raw Data - Bundesliga,2015,18,0.35172593620279485,0.6134039683647242,0.1619873690378265,1.889081112864239,0.06552706552706553,-0.8399633575822915,-0.2540972449502346,0.582343085177372
WIM Raw Data - Bundesliga,2016,18,0.39157820659499554,0.6711438612693794,0.12965251258089786,1.5119951278100812,0.06205410225921522,0.14453264511394096,0.5518598657152232,-1.0421353673717222
WIM Raw Data - Bundesliga,2017,18,0.31503452789770486,0.5407353957600098,0.1486838322363049,1.733936546622286,0.0648892135378622,-1.746374572154544,-1.268434990768199,-0.08601642665633188
WIM Raw Data - Bundesliga,2018,18,0.4325910521636636,0.7080286629817901,0.1676648947690895,1.9552918717057208,0.06633019580393817,1.1576990751362972,1.0667130585448572,0.8675776346647092
WIM Raw Data - Bundesliga,2019,18,0.4091034798553512,0.6718250179870999,0.16274378559462394,1.8979023699745396,0.06528493750441353,0.5774706258407797,0.5613677305987088,0.6203448743396519
WIM Raw Data - Bundesliga,2020,18,0.3863941753641091,0.6584117885652054,0.14779228854589546,1.7235394498804253,0.06453333333333333,0.016468221821787456,0.37414037208222956,-0.13080689964035275
WIM Raw Data - Bundesliga,2021,18,0.4052507770308353,0.6848053482628627,0.15577818144072011,1.8166701644946441,0.06485660078468934,0.4822948556027374,0.742552505253766,0.27039825026615755
WIM Raw Data - Bundesliga,2022,18,0.34413368590541044,0.5549280017979912,0.13873501664789126,1.617914416408832,0.06306103708701111,-1.0275195493797618,-1.0703287737360172,-0.5858373110722089
WIM Raw Data - Bundesliga,2023,18,0.45849537377209315,0.7957783348508564,0.19711734571454018,2.2987635210021486,0.07152592592592592,1.7976300207279827,2.29155897431781,2.347246239329002
WIM Raw Data - EFL Championship,2005,24,0.25953231853959674,0.5156693714055336,0.12004460331180662,1.6283642247080898,0.04668183437954003,-0.03960368831376432,0.31518361607740714,0.7591312833014358
WIM Raw Data - EFL Championship,2006,24,0.21143092334568914,0.3851101957107553,0.09595893251635638,1.3016502903087563,0.04428013346075818,-1.2086254031331425,-1.1970113704971317,-0.5334453810478954
WIM Raw Data - EFL Championship,2007,24,0.18099999942472209,0.320678727777264,0.06916755869787138,0.9382344144322999,0.04330578512396695,-1.9481966925358394,-1.9432855581838147,-1.9712257483762956
WIM Raw Data - EFL Championship,2008,24,0.1981873160213267,0.34536932171316387,0.08581202591257436,1.164010952519151,0.04403936323433307,-1.530488510893509,-1.657308014539529,-1.0779871877829732
WIM Raw Data - EFL Championship,2009,24,0.2867910010310604,0.5408663830821681,0.10079613118027682,1.3672652453740384,0.04497356192917802,0.6228717268260422,0.6070267173477736,-0.273853270580854
WIM Raw Data - EFL Championship,2010,24,0.23564485186827358,0.4388480113438636,0.08880507955634888,1.2046107074576995,0.044144946907254776,-0.6201474987007413,-0.5745958645978912,-0.9173625853816372
WIM Raw Data - EFL Championship,2011,24,0.23409384455131285,0.44060081652374156,0.09981456630949731,1.3539506516670976,0.04478200099748167,-0.6578420650654293,-0.5542940880942627,-0.3265297294301684
WIM Raw Data - EFL Championship,2012,24,0.2250979827562699,0.3568192071826917,0.07085510618334946,0.9611254222497112,0.043205814704586204,-0.8764710204112236,-1.524690300681175,-1.8806621714580891
WIM Raw Data - EFL Championship,2013,24,0.28886907192676275,0.4978237502342665,0.12103835571369613,1.6418441381303657,0.046411080501989596,0.6733756673503676,0.10848761999830626,0.8124617956933143
WIM Raw Data - EFL Championship,2014,24,0.3239671270117695,0.6026044566542395,0.13175845567826802,1.7872586489539979,0.04737486160480159,1.5263735560165237,1.3221048023589237,1.3877644796573922
WIM Raw Data - EFL Championship,2015,24,0.2968549101093378,0.5686027833115119,0.11548824239499439,1.5665587381880184,0.046357340720221615,0.8674577352161736,0.9282821568773001,0.5146105537173825
WIM Raw Data - EFL Championship,2016,24,0.23819767338165262,0.4786301647464195,0.12514431912442422,1.6975401356307587,0.046090690637237454,-0.5581055605996162,-0.11382110395507941,1.032811585178184
WIM Raw Data - EFL Championship,2017,24,0.3190533297619625,0.5340367414060236,0.1247996451448135,1.6928647502981247,0.04644157224009803,1.4069521616040037,0.5279227413322511,1.0143143821466865
WIM Raw Data - EFL Championship,2018,24,0.2667730039452567,0.5481535843978634,0.1213599112179539,1.6462059292058986,0.046460503124499286,0.13636872236725398,0.6914303545269462,0.829718327372523
WIM Raw Data - EFL Championship,2019,24,0.2537157270805635,0.5008529562290486,0.09242681897698622,1.2537383711850103,0.044405444306961944,-0.18096594390804735,0.14357324377184996,-0.722999061142395
WIM Raw Data - EFL Championship,2020,24,0.2985315292518667,0.5466126458024028,0.11061114146720107,1.5004025224814168,0.04532708078046942,0.9082050810508825,0.6735825119201395,0.2528770565488935
WIM Raw Data - EFL Championship,2021,24,0.3104779534641453,0.6233110752901347,0.10618708523141263,1.4403917039713763,0.04505656490312039,1.1985423833744233,1.5619381554992202,0.015456562815769336
WIM Raw Data - EFL Championship,2022,24,0.2524515546626153,0.5014248761081261,0.10481837719129901,1.421825644814162,0.04520680925581661,-0.21168948117551367,0.15019747657096988,-0.0579962418822154
WIM Raw Data - EFL Championship,2023,24,0.2814056007260406,0.5346716816480658,0.12719597541813535,1.7253701556225678,0.04625857183575609,0.49198883093115403,0.5352769042678015,1.1429153506509468
WIM Raw Data - Eredivisie,2005,18,0.4518444776914786,0.7343275380681658,0.1643436726886295,1.9165600993392005,0.06440539178634418,0.8406726815561142,0.5984630527784713,0.25178221076737034
WIM Raw Data - Eredivisie,2006,18,0.35675131117296993,0.6635099678086662,0.14937357628150752,1.7419802753169509,0.06329029571012078,-0.9010222901656083,-0.1831384146592822,-0.4241149343185629
WIM Raw Data - Eredivisie,2007,18,0.36473759081592255,0.5804045119123684,0.12669458807176553,1.4775000967674123,0.06057328285559763,-0.754748234877032,-1.1003591840617273,-1.4480671499575732
WIM Raw Data - Eredivisie,2008,18,0.35221948636207084,0.619224057472139,0.13830133313397927,1.6128568409944153,0.0615347635358452,-0.9840256938258535,-0.6719144681020827,-0.9240247097526934
WIM Raw Data - Eredivisie,2009,18,0.32814542784156264,0.5290886298251748,0.17317178169270286,2.019512657189605,0.0645087235996327,-1.4249581836062053,-1.666723838980583,0.6503697355291922
WIM Raw Data - Eredivisie,2010,18,0.3764687633057704,0.6607427670754904,0.13683603999375385,1.5957687333694128,0.06237635895730117,-0.5398839613859254,-0.21367953808133192,-0.990182430000987
WIM Raw Data - Eredivisie,2011,18,0.368180534664496,0.6103497783860052,0.13011502648116638,1.5173889204164073,0.06064855643424078,-0.6916884146131491,-0.7698583756769678,-1.2936349744402242
WIM Raw Data - Eredivisie,2012,20,0.352504478650577,0.5987202295074905,0.13429941243330443,1.566186826809174,0.054958382877526746,-0.9788058693732309,-0.8982117269113942,-1.1047107055462528
WIM Raw Data - Eredivisie,2013,18,0.35151724605452594,0.5572664294339336,0.12315753062883185,1.4362512731693104,0.06157395930664937,-0.9968876949282482,-1.3557302615015743,-1.6077646537456234
WIM Raw Data - Eredivisie,2014,18,0.3834795602168647,0.6625780055199996,0.17233721403183283,2.0097800094225517,0.06684198991891299,-0.4114765250278306,-0.1934243237881794,0.6126891565921897
WIM Raw Data - Eredivisie,2015,18,0.36766290649785743,0.655162714264549,0.17246884897289258,2.011315123440552,0.0667632412856496,-0.701169120830672,-0.27526563104428475,0.6186324503717484
WIM Raw Data - Eredivisie,2016,18,0.4623648227296448,0.788591214629359,0.17379507746309644,2.0267814724964563,0.066199258243154,1.0333598401037816,1.197362013493761,0.6785114268246968
WIM Raw Data - Eredivisie,2017,18,0.39446952621900677,0.6229484939128261,0.17304839601142127,2.018073745245474,0.06655603417837723,-0.2101879443010761,-0.630808497129728,0.6447988943365448
WIM Raw Data - Eredivisie,2018,18,0.4593362604768498,0.7759282095450618,0.1759857780109315,2.052329211517331,0.06655966122532614,0.9778896960297315,1.057602582044886,0.7774211603194963
WIM Raw Data - Eredivisie,2019,18,0.4710784512269987,0.7441367023663206,0.16740664133613425,1.6999079957743153,0.06533266001767453,1.1929557763305818,0.7067251292897364,-0.5870005013615253
WIM Raw Data - Eredivisie,2020,18,0.44523937488297843,0.7617375514758542,0.17755657133602776,2.0706476521480917,0.06817482302246844,0.7196958041373706,0.9009827046591287,0.8483421948325067
WIM Raw Data - Eredivisie,2021,18,0.4666139051054523,0.7340936870222312,0.17734592877405408,2.068191158856341,0.06673041458916741,1.111184626882071,0.5958820785937523,0.8388317212590808
WIM Raw Data - Eredivisie,2022,18,0.45053455468003556,0.7493200959427944,0.17116354294881267,1.9960927701716287,0.06718025972044774,0.8166805651307043,0.7639333618065233,0.5596981194799745
WIM Raw Data - Eredivisie,2023,18,0.5098135453434433,0.8738332038303631,0.20081426791813356,2.341876672058426,0.07141776937618148,1.9024149427644599,2.1381633372709037,1.898422988810663
WIM Raw Data - La Liga,2005,20,0.33620188994279615,0.550180285685356,0.13847082355163942,1.7071829674087446,0.05732231404958677,-0.7455719603200065,-0.9750135280104442,-0.8193122453565373
WIM Raw Data - La Liga,2006,19,0.3188336221044358,0.5397388931413745,0.1285181242067817,1.5844778489911824,0.05884773662551441,-1.022431902694705,-1.0721762428026886,-1.2923796309587738
WIM Raw Data - La Liga,2007,20,0.3496960417632601,0.6009851794023168,0.13217627573447516,1.6295785699957743,0.05587717969923937,-0.530467602753756,-0.5022469523378673,-1.1185019602505852
WIM Raw Data - La Liga,2008,20,0.2967946305134136,0.5073597437723697,0.1334796922938004,1.6456481685757869,0.05583330499155414,-1.373745804499601,-1.3734814606751335,-1.0565485300598858
WIM Raw Data - La Liga,2009,20,0.39829383651793987,0.6577469055034539,0.1805798217469512,2.226337563661095,0.06159433671899046,0.24420853539291687,0.02595111904478609,1.1821943807707476
WIM Raw Data - La Liga,2010,20,0.3522448493451151,0.6214697608988126,0.15512371079551165,1.9124935500407236,0.05767044513857463,-0.4898381786336369,-0.3116270191059021,-0.027774436545124185
WIM Raw Data - La Liga,2011,20,0.3459567379604394,0.6399838839905667,0.1568164938467324,1.9333635811305911,0.05868257616509365,-0.590074205151025,-0.13934325005734816,0.05268619274601666
WIM Raw Data - La Liga,2012,20,0.3846427744331617,0.6119665766961413,0.16041842793819128,1.9777712070329119,0.05848246895544194,0.026602940101618625,-0.40005920594428823,0.22389176067452013
WIM Raw Data - La Liga,2013,20,0.47705424273962926,0.7750938460138641,0.16478391794161337,2.0315925824467445,0.05907260863529086,1.4996936379305401,1.1179268554734896,0.4313903368129228
WIM Raw Data - La Liga,2014,20,0.5469072260467345,0.9286847940283773,0.19346580219898973,2.385206600342157,0.06294225404389314,2.613189417307676,2.5471723716959778,1.7946852108606766
WIM Raw Data - La Liga,2015,20,0.44169498466184054,0.7727407979949313,0.1714368155252877,2.1136150124969855,0.06023341049382716,0.9360472084226422,1.0960304913062595,0.7476129772782307
WIM Raw Data - La Liga,2016,20,0.43065498560305243,0.7918631141738455,0.183154869908477,2.258084889551554,0.06136235691499343,0.7600634239900922,1.2739738207264233,1.3045904523653615
WIM Raw Data - La Liga,2017,20,0.37134871034957767,0.6960409806312993,0.14304634779584038,1.7635938188524976,0.056522554938687214,-0.18531190658087496,0.3822978691748022,-0.6018304128442201
WIM Raw Data - La Liga,2018,20,0.28068563188239637,0.4886787906065724,0.1299637707880605,1.6023009770491412,0.05710622924072024,-1.6305322885752958,-1.547317672353801,-1.2236657850950654
WIM Raw Data - La Liga,2019,20,0.3795124756540739,0.6485448219638079,0.14265852338233706,1.7588123983619113,0.05777190082644628,-0.05517690332100074,-0.05967916587083972,-0.620264314543816
WIM Raw Data - La Liga,2020,20,0.41258778769361915,0.6494612146385076,0.1694203495677111,2.0887543505261945,0.06128729183970807,0.4720621438031217,-0.05115164430563733,0.6517671925666148
WIM Raw Data - La Liga,2021,20,0.3753576690826699,0.6008899942842449,0.136354140104163,1.681086741241792,0.057420433659015224,-0.12140685317220799,-0.5031327005214283,-0.9199215243018076
WIM Raw Data - La Liga,2022,20,0.37514418064339006,0.6838608208198003,0.14920727741752085,1.8395508605148845,0.05759261227430002,-0.12480997877729164,0.268954999542841,-0.3089917800251134
WIM Raw Data - La Liga,2023,20,0.4028916508383225,0.6789139050057627,0.18937771692464253,2.3348053001211224,0.06369586776859505,0.3175002775307945,0.22292131502078655,1.6003721159058235
WIM Raw Data - Ligue 1,2005,20,0.31884543755767664,0.5350113047298632,0.11518983488546995,1.4201556623353504,0.05584716796875,-0.17848256246695193,-0.3594113765609146,-0.8142989448407374
WIM Raw Data - Ligue 1,2006,20,0.25885166530115794,0.4805446008541394,0.10369723402044195,1.2784653629295266,0.054489728057366744,-1.3954022435183435,-0.9191592580392621,-1.3815490427297714
WIM Raw Data - Ligue 1,2007,20,0.29997059422394207,0.5106639877365899,0.11005538771750782,1.3568539462959701,0.055255092842978186,-0.5613417737759643,-0.609625877107197,-1.0677242306257317
WIM Raw Data - Ligue 1,2008,20,0.3277948064295747,0.5217403463555099,0.12827429059951517,1.581471666385126,0.05681818181818181,0.0030473314466302375,-0.495795448051286,-0.1684783101746077
WIM Raw Data - Ligue 1,2009,20,0.29581716933725727,0.5550290350425223,0.11333370675078344,1.3972717778058181,0.05512638023244566,-0.6455902598815565,-0.15369152686922236,-0.9059134434612759
WIM Raw Data - Ligue 1,2010,20,0.26992667061695486,0.5195437528508365,0.10562438021257621,1.302224816874648,0.055324211778703156,-1.170755727228019,-0.518369580011161,-1.2864292453076613
WIM Raw Data - Ligue 1,2011,20,0.25748511650021394,0.3849267879226469,0.13402980608680892,1.6524304269134829,0.057012326989619375,-1.4231214561705408,-1.9018122260271217,0.11560157408414845
WIM Raw Data - Ligue 1,2012,20,0.24903304890874747,0.42052022175194803,0.11245189799590262,1.386400109332762,0.05479416089056921,-1.5945640411384263,-1.536022711281563,-0.9494376298834886
WIM Raw Data - Ligue 1,2013,20,0.33687289709797213,0.5657685649893827,0.13456480587660882,1.6590263473051388,0.057120681907926095,0.18718823116379144,-0.0433226462858743,0.14200801477574956
WIM Raw Data - Ligue 1,2014,20,0.3555773050589227,0.546204597200117,0.10985857188756148,1.3544274377797159,0.05406003564397955,0.5665903143128782,-0.24437923212845802,-1.077438637322209
WIM Raw Data - Ligue 1,2015,20,0.3525233597574259,0.6200181112367738,0.13736615243135775,1.6935636671636651,0.05742024209909996,0.5046437821569159,0.5141935318993299,0.2802764647171343
WIM Raw Data - Ligue 1,2016,20,0.3944031885891316,0.7036381998729102,0.15623580267909518,1.9262043396002244,0.058440392236682986,1.3541384218080939,1.3735473046171764,1.211641877635338
WIM Raw Data - Ligue 1,2017,20,0.3477177293757214,0.6838422986108235,0.15492827399510553,1.9100840433424857,0.05859452489585399,0.4071658945130147,1.17010716587314,1.1471050697624718
WIM Raw Data - Ligue 1,2018,20,0.36076557923029434,0.6282112418588519,0.15454226039924318,1.9053249481111452,0.059822000711997156,0.6718297868840786,0.5983933674327534,1.128052267649964
WIM Raw Data - Ligue 1,2019,20,0.2927443122463803,0.5480477440452521,0.15470224226446366,1.6342884285830497,0.05798859916210709,-0.7079204006661307,-0.22543742973535047,0.04297098206764287
WIM Raw Data - Ligue 1,2020,20,0.4058120847652039,0.7667324059836278,0.15657341874361597,1.930366749991743,0.05903061224489796,1.5855576137263987,2.021959007381759,1.2283058815364136
WIM Raw Data - Ligue 1,2021,19,0.3621262155246205,0.6069377328617851,0.15019880012992753,1.8517751735001275,0.06144535421858313,0.6994290696602738,0.3797680285488614,0.9136683965069341
WIM Raw Data - Ligue 1,2022,20,0.4098992334710367,0.6994774950348219,0.16738993572409738,2.0637217274674056,0.060032731600872836,1.6684617471462002,1.330788232507901,1.7621859308007484
WIM Raw Data - Ligue 1,2023,18,0.3290804903134583,0.5328396392491324,0.1323529411764706,1.5434872662825798,0.06275555555555555,0.029126272027642997,-0.3817293261635261,-0.3205469751910638
WIM Raw Data - MLB,2005,30,0.11168255817283783,0.1825868316740994,0.0657535392012647,1.6738118444242711,0.0339098037223323,-0.8121542559079195,-1.1713633775056524,-0.5095475694927164
WIM Raw Data - MLB,2006,30,0.09462754198815831,0.18274294300519778,0.06120110871798034,1.5579258836622851,0.03383315471875534,-1.415795807128427,-1.1687313661474468,-0.901896478047451
WIM Raw Data - MLB,2007,30,0.09554888656908793,0.1674278396967212,0.0564060039737732,1.4358624447416535,0.03375720270244432,-1.3831859364593764,-1.4269414882211462,-1.315160144500628
WIM Raw Data - MLB,2008,30,0.11329077988735112,0.19576583689508792,0.0672798604362058,1.712665639862123,0.03393787199856696,-0.7552332046498524,-0.94916751774688,-0.3780023492346758
WIM Raw Data - MLB,2009,30,0.10821303672971619,0.19276569562487056,0.06939984850644543,1.7666317257201596,0.03397551186302901,-0.9349537468752812,-0.9997494059664919,-0.19529225436080808
WIM Raw Data - MLB,2010,30,0.136052113188681,0.2456680392732603,0.06678848799561596,1.7001573396082694,0.0339280936171654,0.05037649944436519,-0.10782459577764696,-0.42035103340836893
WIM Raw Data - MLB,2011,30,0.12070809634236544,0.2426812964167761,0.06928048011081357,1.7635931024477765,0.03397383170727118,-0.4927063115460933,-0.15818058894608283,-0.20557995889886818
WIM Raw Data - MLB,2012,30,0.1234737178968363,0.2099782925286964,0.07242681443126767,1.8436856984672065,0.0340327524598215,-0.3948205008759565,-0.709547854059079,0.06558526616303381
WIM Raw Data - MLB,2013,30,0.1393582068906398,0.25264771015378806,0.07437325270356958,1.893233927721412,0.03407024412662374,0.16739166431553623,0.009851506942327974,0.2333380598654119
WIM Raw Data - MLB,2014,30,0.10365548592546278,0.18842977970271374,0.058256258005551904,1.4829622229620387,0.033785838879574585,-1.096262713542644,-1.072852235050364,-1.1556969407058846
WIM Raw Data - MLB,2015,30,0.11444971661810605,0.22527879962031733,0.06344292440571406,1.6149931943610933,0.03387044259522942,-0.7142140488575665,-0.45158382180013296,-0.7086867318486171
WIM Raw Data - MLB,2016,30,0.11890074624422847,0.23757430017259995,0.06474815306011779,1.6482188915320968,0.03389369252549391,-0.5566752697120768,-0.24428370539772246,-0.596196263328555
WIM Raw Data - MLB,2017,30,0.1524997018172139,0.3030255574899876,0.06998305076372449,1.7814776314734715,0.0339863503192264,0.6325188912225146,0.8592137246487276,-0.14502926408555225
WIM Raw Data - MLB,2018,30,0.16886027658792724,0.31544488950068733,0.08931771465748983,2.2736578217182615,0.0343961456309316,1.2115815333514632,1.0686016190667618,1.521318921536511
WIM Raw Data - MLB,2019,30,0.15600729009603734,0.30383273507844427,0.09649503778200548,2.456362640394295,0.03457586142197996,0.7566657115330014,0.8728226059897495,2.139892868923129
WIM Raw Data - MLB,2020,30,0.17667373686906274,0.37083654600638594,0.09188694072904599,1.4235063647101727,0.03446411476133551,1.488129455290189,2.002495834477287,-1.356993464796633
WIM Raw Data - MLB,2021,30,0.18836634460919963,0.31203116141865617,0.0878118814207622,2.2353255655693185,0.03436230358399204,1.9019750827372892,1.0110467252450652,1.3915394489965405
WIM Raw Data - MLB,2022,30,0.17154013563928033,0.33250831677857645,0.08911151818577082,2.2684089164755283,0.0343921150231164,1.3064318845498544,1.3562881956229151,1.5035479833697794
WIM Raw Data - MLB,2023,30,0.15089449449504774,0.2818666031466546,0.07964318639185379,2.027384538227423,0.03417907161848635,0.575704530714706,0.5024772355830652,0.6875246176494693
WIM Raw Data - MLB,2024,30,0.1477730992315642,0.29817466699796363,0.075676819316726,1.9264173162294984,0.03409755966102608,0.4652265423962824,0.7774285090427447,0.34568528620489586
WIM Raw Data - MLS,2005,12,0.31163826977149955,0.4244961610457627,0.12842529172852035,1.452966314513558,0.09258582907231558,1.5514429823161873,0.21942578799685233,1.3298037465885912
WIM Raw Data - MLS,2006,12,0.15502455404395377,0.21055013429554228,0.06437087028285561,0.7282732622061892,0.08596863516381141,-1.7492151649788255,-1.9411232673370922,-1.9419506751563878
WIM Raw Data - MLS,2007,13,0.20751971444385836,0.2837497812279438,0.09743589743589744,1.067356778728016,0.08199415631848063,-0.6428715854105354,-1.2019114650295017,-0.4110984184818097
WIM Raw Data - MLS,2008,13,0.19848243470940338,0.2426055011494283,0.07717906124765339,0.8454542562482515,0.08023781212841855,-0.8333336458140131,-1.617409882113054,-1.4129164389636817
WIM Raw Data - MLS,2009,15,0.24634103207241806,0.36067286214196437,0.07483314773547883,0.819756061276768,0.06977317554240631,0.1752936546144548,-0.42509830179092595,-1.5289354662761654
WIM Raw Data - MLS,2010,16,0.30707454254424554,0.5063736845918125,0.1059841445164742,1.1609981337912076,0.06738316628426519,1.4552617290671233,1.046271739929533,0.011661971604344035
WIM Raw Data - MLS,2011,18,0.2102724296035576,0.3660533203008285,0.11344153567130576,1.3229442747535223,0.06225,-0.5848576900321131,-0.3707633652231651,0.7427963478633572
WIM Raw Data - MLS,2012,19,0.26076612784045045,0.4577346620616748,0.11666528595304503,1.3605393403811537,0.057492195629552545,0.47930476661115895,0.5550871370832111,0.9125258930982217
WIM Raw Data - MLS,2013,19,0.27881672773551996,0.5052831759914521,0.10840335232205323,1.264189465259718,0.05707546357672906,0.8597239357142694,1.0352591618408873,0.4775374121690139
WIM Raw Data - MLS,2014,19,0.27574015631247145,0.43506894769594123,0.11882254527799063,1.3856970910780821,0.05829498137190445,0.7948847197742951,0.3261958204030139,1.0261049895470766
WIM Raw Data - MLS,2015,20,0.1540472940568645,0.2712825319795126,0.08076194245732929,0.9418380028059028,0.05209957674314992,-1.7698110695164784,-1.327812861729701,-0.9777750394700463
WIM Raw Data - MLS,2016,20,0.14973412892933524,0.2546657960578143,0.08436358534860862,0.9838400156888254,0.053031000755217446,-1.8607116879755563,-1.495618142546031,-0.7881495546743033
WIM Raw Data - MLS,2017,22,0.27169130747030146,0.448378472420774,0.0836176244444486,0.9751406913936407,0.04765919460424519,0.7095546076829448,0.4606029954647568,-0.8274241863798827
WIM Raw Data - MLS,2018,23,0.25049320841513684,0.47197362801562504,0.12941530276291305,1.5092288097347724,0.0483285952357612,0.2628014096723975,0.698880340014042,1.5838106905386207
WIM Raw Data - MLS,2019,24,0.214060575286429,0.45717616329029265,0.10034063475715059,1.170162828734375,0.04446402820060887,-0.5050219371210368,0.5494470978114203,0.05303760106399315
WIM Raw Data - MLS,2020,26,0.2744513056464239,0.5304585111647565,0.12764294572384188,1.1889940789453166,0.042607645216109415,0.767721993752667,1.289494061420962,0.13805459680925186
WIM Raw Data - MLS,2021,27,0.262459266140838,0.4977458681415782,0.11327928558915613,1.321052129905624,0.04060592559590109,0.5149879167089023,0.959143126398834,0.7342539266921001
WIM Raw Data - MLS,2022,27,0.24129337768749115,0.45274923914661197,0.09437600704701733,1.1006039142374784,0.03929351222798516,0.06891356208589174,0.504741491813741,-0.2609983695478483
WIM Raw Data - MLS,2023,28,0.2478922924742308,0.4155335712135243,0.10353434828075816,1.2074076085785204,0.03876938248994003,0.20798670617787435,0.1289164418335992,0.22118571943496548
WIM Raw Data - MLS,2024,29,0.2426708876620293,0.4628031958881067,0.11677828485595089,1.3618571227151823,0.03793322062552831,0.09794479667041019,0.6062720837586199,0.9184752535405889
WIM Raw Data - NBA,2005,30,0.033690672482226534,0.06973548625291945,0.1521867831778548,2.756219869219376,0.03642144226320311,-0.5345472856115202,-0.12739696309054427,0.30650103675241414
WIM Raw Data - NBA,2006,30,0.0320365269497314,0.0643827086370887,0.13396143945759414,2.4261448558955867,0.035726088968206754,-0.8877904037162901,-0.9228355053887571,-0.9624780897285873
WIM Raw Data - NBA,2007,30,0.03201643464016642,0.05865235338157995,0.13001776903836973,2.3547219468876732,0.03558728270209531,-0.8920811205493809,-1.7743831986484473,-1.2370647049677297
WIM Raw Data - NBA,2008,30,0.04746300643813748,0.08031407258213558,0.16578190700455053,3.0024380337221728,0.0369978187586754,2.4065374585027315,1.4446121680942436,1.2530910502413157
WIM Raw Data - NBA,2009,30,0.038163348782732656,0.07727360585942003,0.16918580028725222,3.064085163010138,0.0371498446691784,0.42059365672194243,0.9927898449193762,1.4900945104128496
WIM Raw Data - NBA,2010,30,0.0408217456847275,0.06876078435950223,0.16015434752368002,2.9005185967480545,0.03675325533743143,0.9882948609831116,-0.27224053943904075,0.8612600031090641
WIM Raw Data - NBA,2011,30,0.03986319214122068,0.07037583817873051,0.15797273087523198,2.861007838797115,0.03666071782669047,0.783595554950483,-0.03223877812904306,0.709360207343543
WIM Raw Data - NBA,2012,30,0.038871613892045534,0.07813012828225621,0.15342234011872377,2.492817966507265,0.036471788593000716,0.5718438162415267,1.1200716033566367,-0.7061521569904339
WIM Raw Data - NBA,2013,30,0.037630686063061976,0.0726264273798222,0.15256581332264277,2.7619609636733857,0.036435054398020174,0.3068434235663288,0.3022054155049246,0.3285727741794089
WIM Raw Data - NBA,2014,30,0.038874085792597025,0.07078909212505716,0.15483483168881831,2.8041780674818675,0.036529843347213965,0.5723716911118452,0.02917197723147697,0.49087716363918465
WIM Raw Data - NBA,2015,30,0.03804318554719955,0.07722527304855165,0.16132629945515797,2.9217435489538883,0.036803489986119375,0.3949327731011131,0.9856074466615781,0.9428597008218352
WIM Raw Data - NBA,2016,30,0.038727163227870245,0.08297948769515394,0.16646825389791275,3.014868304637691,0.03702822394077599,0.5409963472472991,1.840700715813576,1.3008794428538248
WIM Raw Data - NBA,2017,30,0.030158373791209368,0.06373644432553,0.13414634146341464,2.4294935736466243,0.03573269879040254,-1.2888703963538768,-1.0188722883115668,-0.9496038861233159
WIM Raw Data - NBA,2018,30,0.03280825088244826,0.06620902206768804,0.14654457449560784,2.6540351239243978,0.036196708308546495,-0.722988599428988,-0.651439942696372,-0.08634999283128822
WIM Raw Data - NBA,2019,30,0.03395858265645575,0.07110488013735214,0.14422590076033118,2.61204215655917,0.03610681472668384,-0.47733501289572794,0.07609900730877374,-0.24779268583876765
WIM Raw Data - NBA,2020,30,0.03530932351030575,0.06777815681144735,0.15187754235384904,2.552265835467796,0.03700374772287717,-0.18888402621274258,-0.4182618914442525,-0.4776037913778865
WIM Raw Data - NBA,2021,30,0.03407740405715635,0.07136131240968135,0.13674267684516744,2.320600177795646,0.03582647462277092,-0.4519606783788959,0.11420559935110212,-1.3682464393873297
WIM Raw Data - NBA,2022,30,0.035041617837806995,0.06807743671253594,0.13868879763603237,2.5117609538789507,0.03589794434529712,-0.24605262754200552,-0.37378801538465156,-0.6333255127503806
WIM Raw Data - NBA,2023,30,0.02588920102313698,0.05730722248117462,0.1201905420941415,2.176743297247937,0.03525943552118448,-2.2005531175513835,-1.9742736180550533,-1.92130671734493
WIM Raw Data - NBA,2024,30,0.04043194893861201,0.07503594581663732,0.1608030610091202,2.912267297657983,0.03678101659065371,0.9050536858144235,0.6602669623460465,0.9064280879872213
WIM Raw Data - NFL,2005,32,0.27661542082099594,0.4913639467096584,0.20846350100197397,1.6677080080157918,0.03668212890625,1.343631697721802,0.663610374176811,1.0495542159076965
WIM Raw Data - NFL,2006,32,0.23325520040800388,0.49637294425939366,0.1781524101717403,1.4252192813739224,0.03521728515625,-0.06858219135709936,0.7692944081695886,-1.1141409910146087
WIM Raw Data - NFL,2007,32,0.2691617747364427,0.5083989521614296,0.20432338797846908,1.6345871038277526,0.036468505859375,1.1008713421556506,1.0230292154432215,0.7540207177816876
WIM Raw Data - NFL,2008,32,0.25650613480203666,0.5109848169294916,0.2046125667945016,1.6369005343560128,0.03652441368704344,0.6886854648625851,1.0775879604486034,0.7746631559472231
WIM Raw Data - NFL,2009,32,0.2950815127481325,0.5441941847153476,0.19825902406952375,1.58607219255619,0.036163330078125,1.945060178668735,1.7782670722091092,0.3211285069302821
WIM Raw Data - NFL,2010,32,0.23519207930816816,0.4609827106349872,0.18421603316486868,1.4737282653189494,0.035491943359375,-0.00549931820232441,0.02260155870477268,-0.6813016689229925
WIM Raw Data - NFL,2011,32,0.2500234364884323,0.52016714146011,0.2013140426050801,1.6105123408406408,0.03631591796875,0.4775482402363616,1.2713243494547983,0.5392047549763872
WIM Raw Data - NFL,2012,32,0.2516212031106043,0.50795411623754,0.1897549142716319,1.5180393141730553,0.03578623606305267,0.5295864493101777,1.013643693802462,-0.2859199728455198
WIM Raw Data - NFL,2013,32,0.2358085922493866,0.44539272176315137,0.1916751140999644,1.5334009127997152,0.03587850826605152,0.014580103214193719,-0.30632911006051705,-0.1488504365439116
WIM Raw Data - NFL,2014,32,0.22546251151080535,0.4381028166947738,0.194833396752801,1.558667174022408,0.03603229527104959,-0.3223849485635016,-0.4601376450819114,0.07659710925118439
WIM Raw Data - NFL,2015,32,0.22981045262338104,0.41775665308229754,0.1875,1.5,0.03564453125,-0.18077536333554542,-0.8894180800378434,-0.4468824149059743
WIM Raw Data - NFL,2016,32,0.17762490202959663,0.41693261502745377,0.19698502629879638,1.575880210390371,0.036177072354144704,-1.8804244577319866,-0.9068043264743292,0.2301867824772971
WIM Raw Data - NFL,2017,32,0.25249402726672,0.43919177038475876,0.19702375332685143,1.5761900266148114,0.036102294921875,0.5580137585869727,-0.437161986250732,0.23295123214525398
WIM Raw Data - NFL,2018,32,0.21421817160829426,0.3901846769285485,0.1781095799246562,1.4248766393972496,0.035278070556141114,-0.6886057111104625,-1.4711547720901013,-1.1171983405783772
WIM Raw Data - NFL,2019,32,0.23361131458538348,0.47214190749126483,0.19732363008579173,1.5785890406863339,0.03615532487504805,-0.056983786584168514,0.25804765908333477,0.254357321078858
WIM Raw Data - NFL,2020,32,0.21538486198358134,0.39868123253028415,0.21508331813563406,1.7206665450850724,0.03707804690503652,-0.6506073721596437,-1.291887311461615,1.5220963188304917
WIM Raw Data - NFL,2021,32,0.24259049670891025,0.46644796616123424,0.16830647853838865,1.3878907769790565,0.03481706403779905,0.23546227542002776,0.13791210639023405,-1.4472183557204525
WIM Raw Data - NFL,2022,32,0.1643609623664879,0.37262766624526344,0.18359414542722266,1.5111705375077826,0.035364353726454856,-2.312422257506412,-1.8415873178121334,-0.3472091690646072
WIM Raw Data - NFL,2023,32,0.20656100575786374,0.47262710607339875,0.1590684386234113,1.3117119482928095,0.03441284602076125,-0.9379945717288594,0.2682847859611865,-2.1269520851190222
WIM Raw Data - NFL,2024,32,0.2418345156210126,0.42772381019437544,0.214625287048918,1.7698454568623982,0.03700800173010381,0.21084046810351903,-0.6791226345749349,1.9609133193890727
WIM Raw Data - NHL,2005,26,0.15109343579631135,0.29074753950216403,0.11106323825410562,2.0114407941592862,0.04031035665294925,0.27317481730385607,0.25741818865793886,1.0919165970583733
WIM Raw Data - NHL,2006,29,0.15033185112015096,0.2851054025587282,0.10225677441123353,1.8519489505547093,0.03592260433585198,0.24285880199087853,0.13787192066093573,0.5330859829276475
WIM Raw Data - NHL,2007,30,0.10155058676727177,0.2015707725538615,0.06476057584074026,1.1728639120109208,0.03389252429109657,-1.6989522708947946,-1.6320697460705773,-1.8463053424198679
WIM Raw Data - NHL,2008,30,0.12271424204699648,0.2542155326614078,0.08611748082514056,1.5596539119956239,0.034322162733822464,-0.8565013686873123,-0.5166263132810548,-0.49106304070712875
WIM Raw Data - NHL,2009,30,0.11351435453524297,0.23072975694749137,0.08378323920642765,1.5173789982697943,0.0342692841562562,-1.2227166293331995,-1.0142457198571053,-0.6391867031202382
WIM Raw Data - NHL,2010,30,0.13368933458704574,0.2429493418996522,0.08318944547828608,1.5066249364679294,0.03425606451186463,-0.41962142096708177,-0.7553357018713333,-0.6768669933803194
WIM Raw Data - NHL,2011,30,0.13558372106227742,0.2452652728750469,0.0786561731541322,1.4245238828053841,0.03415823914336705,-0.3442125384231706,-0.7062654811690158,-0.9645342571230981
WIM Raw Data - NHL,2012,30,0.1496583697170749,0.2958290819211409,0.1071786756706693,1.4851112939963642,0.034864969135802476,0.21604986902810547,0.36508651325681213,-0.752246911016613
WIM Raw Data - NHL,2013,30,0.14440936458188477,0.2920303847312758,0.09561058569409456,1.7315813534858358,0.03455218454623571,0.007105381254811848,0.28459926580929945,0.11133966241857758
WIM Raw Data - NHL,2014,30,0.1450845386611032,0.3062086598590692,0.10090803284478203,1.8275222018826431,0.034690990812347146,0.03398169371911495,0.5850102439820957,0.44749906730160044
WIM Raw Data - NHL,2015,30,0.12642450753162687,0.21412179149958613,0.07934642803228917,1.437024930335763,0.03417278075219776,-0.7088087105125842,-1.366137265245793,-0.9207328443938109
WIM Raw Data - NHL,2016,30,0.14634473649111504,0.3018741154987363,0.09324816941126751,1.688796174890624,0.03449269614647366,0.08414575020280124,0.4931694030134773,-0.03857187593778801
WIM Raw Data - NHL,2017,30,0.12953083984500818,0.2392545415165798,0.09783160296904925,1.771805687132178,0.034630475678581026,-0.5851565140760157,-0.8336215714307532,0.2522784625889177
WIM Raw Data - NHL,2018,30,0.13827725849802686,0.23558191615058394,0.0884648488373037,1.6021665548177861,0.03436004162330906,-0.23699225851950667,-0.9114375940933596,-0.3421064184767781
WIM Raw Data - NHL,2019,31,0.12431982724558246,0.2678407916380981,0.0834133564366437,1.393841445201713,0.03313163478326232,-0.7925886522287525,-0.2279327070312063,-1.0720399769240272
WIM Raw Data - NHL,2020,31,0.1841901491769247,0.3397176883101029,0.128449259380994,1.9218986992416538,0.03439232092420735,1.5906389169158044,1.2950035205875103,0.7781772686859956
WIM Raw Data - NHL,2021,31,0.2041381134726508,0.3555489573518995,0.12615774965058152,2.2848140224934737,0.03435437682141133,2.3846974241074643,1.6304383302308885,2.0497670151377405
WIM Raw Data - NHL,2022,32,0.18340278393110881,0.355445026006629,0.11882423945064072,2.1519985039436276,0.033014899985127896,1.5592966675294295,1.628236220537423,1.5844054259813949
WIM Raw Data - NHL,2023,32,0.1561284491231382,0.3393323295465282,0.10796299518064495,1.9552930040552279,0.032707001041047,0.473601041590153,1.2868384933137764,0.8951848813994442
WIM Raw Data - NRL,2005,15,0.20248487153313918,0.3206229831286789,0.1070075571347679,1.0484556544075951,0.06975437720420712,-0.18967354346320592,-0.12154302479948037,-1.777650334878041
WIM Raw Data - NRL,2006,15,0.16958486069641115,0.2731376276023281,0.16643502421050269,1.6307235385739847,0.07365960555149743,-0.8855955488650553,-0.7582534401555067,0.3262004269624627
WIM Raw Data - NRL,2007,16,0.23473845099406965,0.38016370427265395,0.16858836780874492,1.6518219108003134,0.07015339663988313,0.4925747333300952,0.676812528611938,0.4024330815343433
WIM Raw Data - NRL,2008,16,0.16930709555470272,0.2679418075850905,0.14273114172963253,1.3984738705698674,0.06748857476883835,-0.8914710142382359,-0.8279219239358313,-0.512964250078248
WIM Raw Data - NRL,2009,16,0.2224797550608534,0.3676449971640419,0.15605456527686076,1.5290162278406332,0.06878306878306878,0.23327098112793404,0.5089546466503799,-0.04128850551996846
WIM Raw Data - NRL,2010,16,0.12428500210648565,0.19651087115683968,0.09933453709771173,0.9732757188998398,0.06494134070713307,-1.8438070397600048,-1.785708186634509,-2.049290535023294
WIM Raw Data - NRL,2011,16,0.1534989551373435,0.2419132839266911,0.15218229514257273,1.4910758839397364,0.06767939042442185,-1.22585487920163,-1.176927041954735,-0.17837458495343866
WIM Raw Data - NRL,2012,16,0.20198669294170302,0.2878802311245159,0.13809451649544638,1.353044406760793,0.06716973110851313,-0.20021133465485783,-0.5605763014251787,-0.6771100232588527
WIM Raw Data - NRL,2013,16,0.20541817283060115,0.34329319225233773,0.15271611366037238,1.4963062158751683,0.06839176557660152,-0.12762648422337383,0.18243191878755544,-0.159476345627066
WIM Raw Data - NRL,2014,16,0.1760628544293421,0.2556706303820133,0.12167339985649653,1.1921509796721776,0.06631953192799753,-0.7485688952273245,-0.9924607853863464,-1.2584502763626697
WIM Raw Data - NRL,2015,16,0.17556879441202533,0.27851557222890516,0.14893921060238338,1.4593002746750465,0.06822317404327985,-0.7590195677133084,-0.6861429269458201,-0.2931862405115539
WIM Raw Data - NRL,2016,16,0.1792915446387976,0.268282976264028,0.17934750442576558,1.7572394899386934,0.07079868984630888,-0.6802735813887885,-0.8233473419649289,0.7833279586392009
WIM Raw Data - NRL,2017,16,0.24176001291910065,0.359403107033822,0.17430417219459907,1.7078251276599328,0.07009548611111112,0.6410992879319385,0.3984427376636401,0.6047839472777133
WIM Raw Data - NRL,2018,16,0.2643830297141381,0.4298803322567495,0.15778327562188657,1.5459540608741686,0.06841196629647761,1.1196357630222888,1.3434411028949786,0.019911285676737552
WIM Raw Data - NRL,2019,16,0.2406516543585641,0.39557678757413584,0.16794351393110654,1.6455036589648369,0.07009495982468956,0.6176545809991422,0.8834798381861019,0.3796039691978489
WIM Raw Data - NRL,2020,16,0.2989707105405893,0.4250811652134784,0.19354828209002528,1.7311484627264064,0.07079584775086506,1.8512564400608529,1.2790911657909294,0.689055839275521
WIM Raw Data - NRL,2021,16,0.3098803032946562,0.49469370034702714,0.22188967087646658,2.1740658913657605,0.0745562759060474,2.0820231016648703,2.212495278860524,2.289405429240302
WIM Raw Data - NRL,2022,16,0.22914944743263632,0.36141234090850205,0.1955554045088984,1.9160438299614475,0.07176857330703484,0.37435256659668215,0.42538367810126654,1.3571199207680562
WIM Raw Data - NRL,2023,16,0.18948440657637786,0.28650638307009185,0.1682662497828136,1.648665811598376,0.0695052216166877,-0.46466766698385287,-0.5789976306049291,0.39102946149792983
WIM Raw Data - NRL,2024,17,0.24004877540463532,0.3596196082681721,0.1488857112596808,1.458776090310264,0.06384060650887574,0.6049021009858436,0.401345708259946,-0.2950802238569885
WIM Raw Data - Prem League,2001,20,0.34487076817449525,0.5984151304674911,0.12824054397542756,1.5810556100609687,0.056101540319368974,-1.1843937404914568,-1.1421640205309769,-1.5876113702959447
WIM Raw Data - Prem League,2002,20,0.38819018039504954,0.6518615061174763,0.1510524023471578,1.8622990884218469,0.05846533317917293,-0.464241606590844,-0.594666503984983,-0.3166740922827063
WIM Raw Data - Prem League,2003,20,0.332671988560268,0.6196778560477798,0.13223520554106435,1.6303051054456357,0.05600475624256837,-1.3871891322073389,-0.9243515064244141,-1.3650532510018938
WIM Raw Data - Prem League,2004,20,0.3091814336390573,0.595271391605823,0.13734724579684093,1.6933305705185362,0.05736375432525952,-1.7777016619455122,-1.1743680605336948,-1.0802416226857046
WIM Raw Data - Prem League,2005,20,0.3785206357639794,0.6776335652998478,0.15996450437293824,1.972174861469065,0.060137174211248284,-0.624990398944225,-0.33066098018612733,0.179853744487417
WIM Raw Data - Prem League,2006,20,0.43398769880153854,0.7805157430007253,0.16397820103755398,2.021659037315119,0.05845832107963271,0.29710714947876526,0.7232502739082314,0.40347238311701483
WIM Raw Data - Prem League,2007,20,0.4109827852686495,0.7226057972388213,0.14363214788415987,1.7708160473872518,0.057492077863286556,-0.08533196318879659,0.1300285427361867,-0.7300853039293299
WIM Raw Data - Prem League,2008,20,0.5018715740751591,0.8587005738212623,0.16809178339654013,2.07237468670732,0.060408163265306125,1.42562471538759,1.5241652131389984,0.6326560419412383
WIM Raw Data - Prem League,2009,20,0.4502300422844704,0.7536789369762376,0.15969911979803122,1.9689029806896075,0.05919664373384609,0.5671237013938,0.4483376260112603,0.16506813852043387
WIM Raw Data - Prem League,2010,20,0.521779741869807,0.804241448802312,0.165098812014296,2.035474857308938,0.05975996826026582,1.7565827959444753,0.9662932276482227,0.46590597538660683
WIM Raw Data - Prem League,2011,20,0.3219668219012674,0.5395651051386197,0.11634882836322782,1.4344446935826312,0.05540277221155043,-1.5651543496020246,-1.74501580092546,-2.2501450589061767
WIM Raw Data - Prem League,2012,20,0.3882626677584141,0.6490907753096965,0.16120971871200016,1.987526894885887,0.059112044579878356,-0.4630365595523005,-0.6230494994234648,0.24922947428730183
WIM Raw Data - Prem League,2013,20,0.396104144616929,0.5939599540759497,0.1633699810017764,2.014160397104252,0.060418468858131485,-0.3326779973483484,-1.187802251009266,0.3695860813476594
WIM Raw Data - Prem League,2014,20,0.4606746649090086,0.7530342684070401,0.17274466770817168,2.1297392971169526,0.05944914696723828,0.7407575732605769,0.44173372749918327,0.8918863083041015
WIM Raw Data - Prem League,2015,20,0.3739475853595539,0.6422001745079087,0.14799561085054155,1.8246124318100514,0.0576794667896903,-0.7010138682935956,-0.6936358914960525,-0.4869798254174507
WIM Raw Data - Prem League,2016,20,0.38850279714469654,0.6023723205932151,0.12682872827474648,1.5636495771111891,0.05623314414523206,-0.4590445919544234,-1.101627094687347,-1.6662691093735982
WIM Raw Data - Prem League,2017,20,0.5140964414999485,0.7906937942035379,0.17288492321744045,2.1314684831676125,0.059852081811541266,1.6288537970240418,0.8275128677520365,0.8997004877660129
WIM Raw Data - Prem League,2018,20,0.501209706931145,0.8056990034801856,0.18126880454558372,2.2348319140844852,0.06201795823254519,1.4146216797578879,0.9812242226251674,1.3667990967763664
WIM Raw Data - Prem League,2019,20,0.4667903782203736,0.8989003304083123,0.1859830138492309,2.292952589773144,0.06046229092699071,0.8424266349062046,1.9359661375141095,1.6294460167566793
WIM Raw Data - Prem League,2020,20,0.4321743743038837,0.7155511114953022,0.16294553242539705,2.008927443608706,0.059244791666666664,0.26696201501129535,0.05776128648884458,0.3459384017272803
WIM Raw Data - Prem League,2021,20,0.442830566900828,0.6907756342697864,0.15054724734850028,1.8560711193270585,0.057420444625831825,0.44411307603848355,-0.19603538517032082,-0.3448182403177563
WIM Raw Data - Prem League,2022,20,0.4651119341173497,0.898768936117013,0.17344481108720086,2.1383712444164993,0.06018952899230625,0.8145237839563467,1.9346201519856279,0.9308940167451217
WIM Raw Data - Prem League,2023,20,0.42891978080266346,0.6900430492155516,0.16185280238503502,1.9954553628841607,0.05881256625004368,0.2128568844303512,-0.20353988838451345,0.2850581647702547
WIM Raw Data - Prem League,2024,20,0.38629623960166526,0.7217878626503684,0.17768517709889256,2.1906499876568715,0.060267555515517324,-0.4957269253872508,0.12164973032039728,1.167141285549752
WIM Raw Data - Prem League,2025,20,0.3637193172831498,0.692767973887221,0.15395861407419018,1.8981292729532688,0.05831077225655284,-0.8710510110837031,-0.17562612487163962,-0.15475774327266678
