#,Team,Year,P,W,D,L,Home,Away,GF-BF,For,GA-BA,Agn,%,Pts,MR
1,Adelaide,2025,23,18,,5,11-0-1,7-0-4,339.244 (58%),2278,234.231 (50%),1635,139.3,72,1 (78.26)
2,Geelong,2025,23,17,,6,9-0-2,8-0-4,356.289 (55%),2425,249.220 (53%),1714,141.5,68,2 (73.91)
3,Brisbane Lions,2025,23,16,1,6,7-0-4,2002-09-01 00:00:00,297.279 (52%),2061,263.226 (54%),1804,114.2,66,3 (71.74)
4,Collingwood,2025,23,16,,7,9-0-3,7-0-4,286.275 (51%),1991,236.211 (53%),1627,122.4,64,4 (69.57)
5,Greater Western Sydney,2025,23,16,,7,8-0-3,8-0-4,312.242 (56%),2114,259.280 (48%),1834,115.3,64,5 (69.57)
6,Fremantle,2025,23,16,,7,8-0-3,8-0-4,288.250 (54%),1978,265.225 (54%),1815,109,64,6 (69.57)
7,Gold Coast,2025,23,15,,8,9-0-2,6-0-6,317.271 (54%),2173,252.228 (53%),1740,124.9,60,7 (65.22)
8,Hawthorn,2025,23,15,,8,10-0-1,5-0-7,300.245 (55%),2045,240.251 (49%),1691,120.9,60,8 (65.22)
9,Western Bulldogs,2025,23,14,,9,7-0-5,7-0-4,369.279 (57%),2493,265.230 (54%),1820,137,56,9 (60.87)
10,Sydney,2025,23,12,,11,5-0-6,7-0-5,264.261 (50%),1845,276.246 (53%),1902,97,48,10 (52.17)
11,Carlton,2025,23,9,,14,5-0-7,4-0-7,259.245 (51%),1799,274.217 (56%),1861,96.7,36,11 (39.13)
12,St Kilda,2025,23,9,,14,5-0-7,4-0-7,268.231 (54%),1839,301.271 (53%),2077,88.5,36,12 (39.13)
13,Port Adelaide,2025,23,9,,14,7-0-5,2-0-9,244.241 (50%),1705,310.276 (53%),2136,79.8,36,13 (39.13)
14,Melbourne,2025,23,7,,16,5-0-7,2-0-9,271.276 (50%),1902,300.238 (56%),2038,93.3,28,14 (30.43)
15,Essendon,2025,23,6,,17,4-0-7,2-0-10,220.215 (51%),1535,324.265 (55%),2209,69.5,24,15 (26.09)
16,North Melbourne,2025,23,5,1,17,2008-03-01 00:00:00,2-0-9,267.203 (57%),1805,347.283 (55%),2365,76.3,22,16 (23.91)
17,Richmond,2025,23,5,,18,4-0-8,1-0-10,204.225 (48%),1449,318.289 (52%),2197,66,20,17 (21.74)
18,West Coast,2025,23,1,,22,1-0-10,0-0-12,209.212 (50%),1466,357.296 (55%),2438,60.1,4,18 (4.35)
,,,,,,,,,,,,,,,
#,Team,Year,P,W,D,L,Home,Away,GF-BF,For,GA-BA,Agn,%,Pts,MR
1,Sydney,2024,23,17,,6,9-0-2,8-0-4,328.274 (54%),2242,252.257 (50%),1769,126.7,68,1 (73.91)
2,Port Adelaide,2024,23,16,,7,9-0-3,7-0-4,284.307 (48%),2011,253.234 (52%),1752,114.8,64,2 (69.57)
3,Geelong,2024,23,15,,8,8-0-3,7-0-5,321.238 (57%),2164,282.236 (54%),1928,112.2,60,3 (65.22)
4,Greater Western Sydney,2024,23,15,,8,9-0-2,6-0-6,303.216 (58%),2034,264.280 (49%),1864,109.1,60,4 (65.22)
5,Brisbane Lions,2024,23,14,1,8,8-0-4,2004-06-01 00:00:00,304.306 (50%),2130,254.223 (53%),1747,121.9,58,5 (63.04)
6,Western Bulldogs,2024,23,14,,9,7-0-5,7-0-4,312.299 (51%),2171,255.206 (55%),1736,125.1,56,6 (60.87)
7,Hawthorn,2024,23,14,,9,8-0-3,6-0-6,306.254 (55%),2090,256.227 (53%),1763,118.5,56,7 (60.87)
8,Carlton,2024,23,13,,10,6-0-5,7-0-5,316.255 (55%),2151,285.242 (54%),1952,110.2,52,8 (56.52)
9,Collingwood,2024,23,12,2,9,8-0-4,2005-04-02 00:00:00,288.263 (52%),1991,283.245 (54%),1943,102.5,52,9 (56.52)
10,Fremantle,2024,23,12,1,10,2004-07-01 00:00:00,5-0-6,286.248 (54%),1964,253.237 (52%),1755,111.9,50,10 (54.35)
11,Essendon,2024,23,11,1,11,2004-06-01 00:00:00,5-0-7,275.242 (53%),1892,298.236 (56%),2024,93.5,46,11 (50.00)
12,St Kilda,2024,23,11,,12,7-0-4,4-0-8,254.224 (53%),1748,253.240 (51%),1758,99.4,44,12 (47.83)
13,Gold Coast,2024,23,11,,12,9-0-3,2-0-9,281.239 (54%),1925,287.221 (56%),1943,99.1,44,13 (47.83)
14,Melbourne,2024,23,11,,12,6-0-5,5-0-7,259.231 (53%),1785,261.246 (51%),1812,98.5,44,14 (47.83)
15,Adelaide,2024,23,8,1,14,2006-05-01 00:00:00,3-0-8,279.232 (55%),1906,274.279 (50%),1923,99.1,34,15 (36.96)
16,West Coast,2024,23,5,,18,4-0-8,1-0-10,229.220 (51%),1594,347.257 (57%),2339,68.1,20,16 (21.74)
17,North Melbourne,2024,23,3,,20,2-0-9,1-0-11,244.155 (61%),1619,374.306 (55%),2550,63.5,12,17 (13.04)
18,Richmond,2024,23,2,,21,1-0-11,1-0-10,211.239 (47%),1505,349.270 (56%),2364,63.7,8,18 (8.70)
,,,,,,,,,,,,,,,
,,,,,,,,,,,,,,,
#,Team,Year,P,W,D,L,Home,Away,GF-BF,For,GA-BA,Agn,%,Pts,
1,Collingwood,2023,23,18,,5,10-0-2,8-0-3,317.240 (57%),2142,239.253 (49%),1687,127,72,
2,Brisbane Lions,2023,23,17,,6,12-0-0,5-0-6,316.284 (53%),2180,260.211 (55%),1771,123.1,68,
3,Port Adelaide,2023,23,17,,6,10-0-2,7-0-4,310.289 (52%),2149,280.226 (55%),1906,112.7,68,
4,Melbourne,2023,23,16,,7,9-0-2,7-0-5,305.249 (55%),2079,240.220 (52%),1660,125.2,64,
5,Carlton,2023,23,13,1,9,5-0-6,2003-08-01 00:00:00,275.272 (50%),1922,243.239 (50%),1697,113.3,54,
6,St Kilda,2023,23,13,,10,6-0-5,7-0-5,260.215 (55%),1775,235.237 (50%),1647,107.8,52,
7,Greater Western Sydney,2023,23,13,,10,6-0-6,7-0-4,294.254 (54%),2018,269.271 (50%),1885,107.1,52,
8,Sydney,2023,23,12,1,10,2005-05-01 00:00:00,7-0-5,299.256 (54%),2050,271.237 (53%),1863,110,50,
9,Western Bulldogs,2023,23,12,,11,5-0-6,7-0-5,276.263 (51%),1919,256.230 (53%),1766,108.7,48,
10,Adelaide,2023,23,11,,12,8-0-4,3-0-8,319.279 (53%),2193,272.245 (53%),1877,116.8,44,
11,Essendon,2023,23,11,,12,7-0-5,4-0-7,267.236 (53%),1838,300.250 (55%),2050,89.7,44,
12,Geelong,2023,23,10,1,12,8-0-4,2008-02-01 00:00:00,306.252 (55%),2088,268.247 (52%),1855,112.6,42,
13,Richmond,2023,23,10,1,12,2005-06-01 00:00:00,4-0-7,265.266 (50%),1856,287.261 (52%),1983,93.6,42,
14,Fremantle,2023,23,10,,13,5-0-7,5-0-6,271.209 (56%),1835,279.224 (55%),1898,96.7,40,
15,Gold Coast,2023,23,9,,14,7-0-4,2-0-10,265.249 (52%),1839,294.242 (55%),2006,91.7,36,
16,Hawthorn,2023,23,7,,16,5-0-6,2-0-10,243.228 (52%),1686,311.235 (57%),2101,80.2,28,
17,North Melbourne,2023,23,3,,20,2-0-9,1-0-11,243.199 (55%),1657,338.290 (54%),2318,71.5,12,
18,West Coast,2023,23,3,,20,2-0-9,1-0-11,204.194 (51%),1418,393.316 (55%),2674,53,12,
,,,,,,,,,,,,,,,
,,,,,,,,,,,,,,,
#,Team,Year,P,W,D,L,Home,Away,GF-BF,For,GA-BA,Agn,%,Pts,
1,Geelong,2022,22,18,,4,10-0-1,8-0-3,310.286 (52%),2146,219.174 (56%),1488,144.2,72,
2,Melbourne,2022,22,16,,6,8-0-3,8-0-3,279.262 (52%),1936,212.211 (50%),1483,130.5,64,
3,Sydney,2022,22,16,,6,9-0-2,7-0-4,300.267 (53%),2067,232.224 (51%),1616,127.9,64,
4,Collingwood,2022,22,16,,6,8-0-3,8-0-3,268.231 (54%),1839,259.209 (55%),1763,104.3,64,
5,Fremantle,2022,22,15,1,6,7-0-4,2002-08-01 00:00:00,251.233 (52%),1739,214.202 (51%),1486,117,62,
6,Brisbane Lions,2022,22,15,,7,9-0-2,6-0-5,319.233 (58%),2147,262.227 (54%),1799,119.3,60,
7,Richmond,2022,22,13,1,8,2001-09-01 00:00:00,4-0-7,318.257 (55%),2165,254.256 (50%),1780,121.6,54,
8,Western Bulldogs,2022,22,12,,10,7-0-4,5-0-6,287.251 (53%),1973,265.222 (54%),1812,108.9,48,
9,Carlton,2022,22,12,,10,8-0-3,4-0-7,268.249 (52%),1857,248.226 (52%),1714,108.3,48,
10,St Kilda,2022,22,11,,11,5-0-6,6-0-5,247.221 (53%),1703,247.233 (51%),1715,99.3,44,
11,Port Adelaide,2022,22,10,,12,7-0-4,3-0-8,261.240 (52%),1806,233.240 (49%),1638,110.3,40,
12,Gold Coast,2022,22,10,,12,7-0-4,3-0-8,271.245 (53%),1871,261.254 (51%),1820,102.8,40,
13,Hawthorn,2022,22,8,,14,6-0-5,2-0-9,262.215 (55%),1787,291.245 (54%),1991,89.8,32,
14,Adelaide,2022,22,8,,14,5-0-6,3-0-8,249.227 (52%),1721,293.228 (56%),1986,86.7,32,
15,Essendon,2022,22,7,,15,5-0-6,2-0-9,249.243 (51%),1737,307.245 (56%),2087,83.2,28,
16,Greater Western Sydney,2022,22,6,,16,4-0-7,2-0-9,237.209 (53%),1631,280.247 (53%),1927,84.6,24,
17,West Coast,2022,22,2,,20,1-0-10,1-0-10,212.157 (57%),1429,355.259 (58%),2389,59.8,8,
18,North Melbourne,2022,22,2,,20,2-0-9,0-0-11,193.179 (52%),1337,349.303 (54%),2397,55.8,8,
,,,,,,,,,,,,,,,
,,,,,,,,,,,,,,,
#,Team,Year,P,W,D,L,Home,Away,GF-BF,For,GA-BA,Agn,%,Pts,
1,Melbourne,2021,22,17,1,4,2003-07-01 00:00:00,10-0-1,270.268 (50%),1888,211.177 (54%),1443,130.8,70,
2,Port Adelaide,2021,22,17,,5,8-0-3,9-0-2,276.228 (55%),1884,210.232 (48%),1492,126.3,68,
3,Geelong,2021,22,16,,6,9-0-2,7-0-4,269.231 (54%),1845,205.226 (48%),1456,126.7,64,
4,Brisbane Lions,2021,22,15,,7,9-0-2,6-0-5,313.253 (55%),2131,231.213 (52%),1599,133.3,60,
5,Western Bulldogs,2021,22,15,,7,7-0-4,8-0-3,288.266 (52%),1994,215.211 (50%),1501,132.8,60,
6,Sydney,2021,22,15,,7,9-0-2,6-0-5,293.228 (56%),1986,237.234 (50%),1656,119.9,60,
7,Greater Western Sydney,2021,22,11,1,10,4-0-7,2003-07-01 00:00:00,258.220 (54%),1768,255.243 (51%),1773,99.7,46,
8,Essendon,2021,22,11,,11,5-0-6,6-0-5,287.231 (55%),1953,261.224 (54%),1790,109.1,44,
9,West Coast,2021,22,10,,12,7-0-4,3-0-8,257.210 (55%),1752,274.236 (54%),1880,93.2,40,
10,St Kilda,2021,22,10,,12,5-0-6,5-0-6,237.222 (52%),1644,260.236 (52%),1796,91.5,40,
11,Fremantle,2021,22,10,,12,7-0-4,3-0-8,219.264 (45%),1578,265.235 (53%),1825,86.5,40,
12,Richmond,2021,22,9,1,12,2004-06-01 00:00:00,3-0-8,253.225 (53%),1743,258.232 (53%),1780,97.9,38,
13,Carlton,2021,22,8,,14,3-0-8,5-0-6,250.246 (50%),1746,288.244 (54%),1972,88.5,32,
14,Hawthorn,2021,22,7,2,13,4-0-7,2006-03-02 00:00:00,239.195 (55%),1629,282.220 (56%),1912,85.2,32,
15,Adelaide,2021,22,7,,15,5-0-6,2-0-9,230.236 (49%),1616,287.249 (54%),1971,82,28,
16,Gold Coast,2021,22,7,,15,4-0-7,3-0-8,201.224 (47%),1430,268.255 (51%),1863,76.8,28,
17,Collingwood,2021,22,6,,16,1-0-10,5-0-6,225.207 (52%),1557,269.204 (57%),1818,85.6,24,
18,North Melbourne,2021,22,4,1,17,2009-01-01 00:00:00,3-0-8,210.198 (51%),1458,299.281 (52%),2075,70.3,18,
,,,,,,,,,,,,,,,
,,,,,,,,,,,,,,,
#,Team,Year,P,W,D,L,Home,Away,GF-BF,For,GA-BA,Agn,%,Pts,
1,Port Adelaide,2020,17,14,,3,8-0-1,6-0-2,168.177 (49%),1185,127.107 (54%),869,136.4,56,
2,Brisbane Lions,2020,17,14,,3,9-0-0,5-0-3,165.194 (46%),1184,139.114 (55%),948,124.9,56,
3,Richmond,2020,17,12,1,4,7-0-1,2003-05-01 00:00:00,164.151 (52%),1135,124.130 (49%),874,129.9,50,
4,Geelong,2020,17,12,,5,6-0-3,6-0-2,182.141 (56%),1233,129.127 (50%),901,136.8,48,
5,West Coast,2020,17,12,,5,9-0-0,3-0-5,162.123 (57%),1095,133.138 (49%),936,117,48,
6,St Kilda,2020,17,10,,7,6-0-2,4-0-5,171.133 (56%),1159,142.145 (49%),997,116.2,40,
7,Western Bulldogs,2020,17,10,,7,5-0-3,5-0-4,159.149 (52%),1103,149.140 (52%),1034,106.7,40,
8,Collingwood,2020,17,9,1,7,2002-05-01 00:00:00,4-0-5,139.131 (51%),965,131.95 (58%),881,109.5,38,
9,Melbourne,2020,17,9,,8,4-0-5,5-0-3,155.133 (54%),1063,142.134 (51%),986,107.8,36,
10,Greater Western Sydney,2020,17,8,,9,5-0-3,3-0-6,145.137 (51%),1007,151.147 (51%),1053,95.6,32,
11,Carlton,2020,17,7,,10,2-0-6,5-0-4,146.141 (51%),1017,158.130 (55%),1078,94.3,28,
12,Fremantle,2020,17,7,,10,4-0-6,3-0-4,127.104 (55%),866,131.138 (49%),924,93.7,28,
13,Essendon,2020,17,6,1,10,2-0-6,2004-04-01 00:00:00,136.122 (53%),938,172.153 (53%),1185,79.2,26,
14,Gold Coast,2020,17,5,1,11,2005-04-01 00:00:00,1-0-6,142.144 (50%),996,160.139 (54%),1099,90.6,22,
15,Hawthorn,2020,17,5,,12,3-0-4,2-0-8,147.122 (55%),1004,175.144 (55%),1194,84.1,20,
16,Sydney,2020,17,5,,12,3-0-5,2-0-7,128.122 (51%),890,153.159 (49%),1077,82.6,20,
17,North Melbourne,2020,17,3,,14,2-0-6,1-0-8,124.114 (52%),858,170.185 (48%),1205,71.2,12,
18,Adelaide,2020,17,3,,14,1-0-8,2-0-6,116.130 (47%),826,190.143 (57%),1283,64.4,12,
,,,,,,,,,,,,,,,
#,Team,Year,P,W,D,L,Home,Away,GF-BF,For,GA-BA,Agn,%,Pts,
1,Geelong,2019,22,16,,6,9-0-2,7-0-4,291.238 (55%),1984,203.244 (45%),1462,135.7,64,
2,Brisbane Lions,2019,22,16,,6,10-0-1,6-0-5,288.276 (51%),2004,243.236 (51%),1694,118.3,64,
3,Richmond,2019,22,16,,6,9-0-2,7-0-4,275.242 (53%),1892,244.200 (55%),1664,113.7,64,
4,Collingwood,2019,22,15,,7,6-0-5,9-0-2,274.241 (53%),1885,230.221 (51%),1601,117.7,60,
5,West Coast,2019,22,15,,7,8-0-3,7-0-4,282.210 (57%),1902,239.257 (48%),1691,112.5,60,
6,Greater Western Sydney,2019,22,13,,9,7-0-4,6-0-5,283.228 (55%),1926,243.211 (54%),1669,115.4,52,
7,Western Bulldogs,2019,22,12,,10,7-0-4,5-0-6,279.267 (51%),1941,264.226 (54%),1810,107.2,48,
8,Essendon,2019,22,12,,10,7-0-4,5-0-6,247.220 (53%),1702,253.266 (49%),1784,95.4,48,
9,Hawthorn,2019,22,11,,11,7-0-4,4-0-7,250.242 (51%),1742,228.234 (49%),1602,108.7,44,
10,Port Adelaide,2019,22,11,,11,6-0-5,5-0-6,257.264 (49%),1806,249.220 (53%),1714,105.4,44,
11,Adelaide,2019,22,10,,12,5-0-6,5-0-6,256.240 (52%),1776,252.249 (50%),1761,100.9,40,
12,North Melbourne,2019,22,10,,12,6-0-5,4-0-7,265.234 (53%),1824,265.244 (52%),1834,99.5,40,
13,Fremantle,2019,22,9,,13,7-0-4,2-0-9,225.229 (50%),1579,245.248 (50%),1718,91.9,36,
14,St Kilda,2019,22,9,,13,6-0-5,3-0-8,233.247 (49%),1645,294.197 (60%),1961,83.9,36,
15,Sydney,2019,22,8,,14,5-0-6,3-0-8,248.218 (53%),1706,246.270 (48%),1746,97.7,32,
16,Carlton,2019,22,7,,15,4-0-7,3-0-8,231.223 (51%),1609,276.249 (53%),1905,84.5,28,
17,Melbourne,2019,22,5,,17,2-0-9,3-0-8,223.231 (49%),1569,297.213 (58%),1995,78.6,20,
18,Gold Coast,2019,22,3,,19,2-0-9,1-0-10,194.187 (51%),1351,330.252 (57%),2232,60.5,12,
,,,,,,,,,,,,,,,
#,Team,Year,P,W,D,L,Home,Away,GF-BF,For,GA-BA,Agn,%,Pts,
1,Richmond,2018,22,18,,4,11-0-0,7-0-4,311.277 (53%),2143,232.182 (56%),1574,136.1,72,
2,West Coast,2018,22,16,,6,8-0-3,8-0-3,295.242 (55%),2012,241.211 (53%),1657,121.4,64,
3,Collingwood,2018,22,15,,7,7-0-4,8-0-3,300.246 (55%),2046,251.193 (57%),1699,120.4,60,
4,Hawthorn,2018,22,15,,7,8-0-3,7-0-4,290.232 (56%),1972,236.226 (51%),1642,120.1,60,
5,Melbourne,2018,22,14,,8,6-0-5,8-0-3,336.283 (54%),2299,256.213 (55%),1749,131.4,56,
6,Sydney,2018,22,14,,8,5-0-6,9-0-2,268.214 (56%),1822,231.278 (45%),1664,109.5,56,
7,Greater Western Sydney,2018,22,13,1,8,8-0-3,2005-05-01 00:00:00,268.290 (48%),1898,239.227 (51%),1661,114.3,54,
8,Geelong,2018,22,13,,9,8-0-3,5-0-6,298.257 (54%),2045,216.258 (46%),1554,131.6,52,
9,North Melbourne,2018,22,12,,10,7-0-4,5-0-6,285.240 (54%),1950,259.236 (52%),1790,108.9,48,
10,Port Adelaide,2018,22,12,,10,7-0-4,5-0-6,259.226 (53%),1780,241.208 (54%),1654,107.6,48,
11,Essendon,2018,22,12,,10,7-0-4,5-0-6,280.252 (53%),1932,264.254 (51%),1838,105.1,48,
12,Adelaide,2018,22,12,,10,8-0-3,4-0-7,279.267 (51%),1941,268.257 (51%),1865,104.1,48,
13,Western Bulldogs,2018,22,8,,14,5-0-6,3-0-8,224.231 (49%),1575,300.237 (56%),2037,77.3,32,
14,Fremantle,2018,22,8,,14,6-0-5,2-0-9,224.212 (51%),1556,294.277 (51%),2041,76.2,32,
15,Brisbane Lions,2018,22,5,,17,2-0-9,3-0-8,266.229 (54%),1825,297.267 (53%),2049,89.1,20,
16,St Kilda,2018,22,4,1,17,2008-02-01 00:00:00,2-0-9,225.256 (47%),1606,310.265 (54%),2125,75.6,18,
17,Gold Coast,2018,22,4,,18,1-0-10,3-0-8,181.222 (45%),1308,311.316 (50%),2182,59.9,16,
18,Carlton,2018,22,2,,20,1-0-10,1-0-10,192.201 (49%),1353,335.272 (55%),2282,59.3,8,
,,,,,,,,,,,,,,,
#,Team,Year,P,W,D,L,Home,Away,GF-BF,For,GA-BA,Agn,%,Pts,
1,Adelaide,2017,22,15,1,6,8-0-3,2003-07-01 00:00:00,354.291 (55%),2415,260.216 (55%),1776,136,62,
2,Geelong,2017,22,15,1,6,9-0-2,2004-06-01 00:00:00,313.256 (55%),2134,260.258 (50%),1818,117.4,62,
3,Richmond,2017,22,15,,7,9-0-2,6-0-5,287.270 (52%),1992,242.232 (51%),1684,118.3,60,
4,Greater Western Sydney,2017,22,14,2,6,2001-09-01 00:00:00,2005-05-01 00:00:00,302.269 (53%),2081,262.240 (52%),1812,114.8,60,
5,Port Adelaide,2017,22,14,,8,8-0-3,6-0-5,313.290 (52%),2168,239.237 (50%),1671,129.7,56,
6,Sydney,2017,22,14,,8,7-0-4,7-0-4,305.263 (54%),2093,237.229 (51%),1651,126.8,56,
7,Essendon,2017,22,12,,10,8-0-3,4-0-7,311.269 (54%),2135,288.276 (51%),2004,106.5,48,
8,West Coast,2017,22,12,,10,8-0-3,4-0-7,288.236 (55%),1964,266.262 (50%),1858,105.7,48,
9,Melbourne,2017,22,12,,10,6-0-5,6-0-5,302.223 (58%),2035,280.254 (52%),1934,105.2,48,
10,Western Bulldogs,2017,22,11,,11,7-0-4,4-0-7,260.297 (47%),1857,279.239 (54%),1913,97.1,44,
11,St Kilda,2017,22,11,,11,7-0-4,4-0-7,271.299 (48%),1925,291.240 (55%),1986,96.9,44,
12,Hawthorn,2017,22,10,1,11,2004-06-01 00:00:00,4-0-7,273.226 (55%),1864,301.249 (55%),2055,90.7,42,
13,Collingwood,2017,22,9,1,12,2006-04-01 00:00:00,5-0-6,278.276 (50%),1944,287.241 (54%),1963,99,38,
14,Fremantle,2017,22,8,,14,5-0-6,3-0-8,231.221 (51%),1607,317.258 (55%),2160,74.4,32,
15,North Melbourne,2017,22,6,,16,3-0-8,3-0-8,290.243 (54%),1983,331.278 (54%),2264,87.6,24,
16,Carlton,2017,22,6,,16,4-0-7,2-0-9,232.202 (53%),1594,299.244 (55%),2038,78.2,24,
17,Gold Coast,2017,22,6,,16,4-0-7,2-0-9,257.214 (55%),1756,337.289 (54%),2311,76,24,
18,Brisbane Lions,2017,22,5,,17,3-0-8,2-0-9,276.221 (56%),1877,367.324 (53%),2526,74.3,20,
,,,,,,,,,,,,,,,
#,Team,Year,P,W,D,L,Home,Away,GF-BF,For,GA-BA,Agn,%,Pts,
1,Sydney,2016,22,17,,5,9-0-2,8-0-3,326.265 (55%),2221,208.221 (48%),1469,151.2,68,
2,Geelong,2016,22,17,,5,10-0-1,7-0-4,325.285 (53%),2235,227.192 (54%),1554,143.8,68,
3,Hawthorn,2016,22,17,,5,10-0-1,7-0-4,312.262 (54%),2134,263.222 (54%),1800,118.6,68,
4,Greater Western Sydney,2016,22,16,,6,9-0-2,7-0-4,351.274 (56%),2380,240.223 (52%),1663,143.1,64,
5,Adelaide,2016,22,16,,6,9-0-2,7-0-4,363.305 (54%),2483,260.235 (53%),1795,138.3,64,
6,West Coast,2016,22,16,,6,10-0-1,6-0-5,323.243 (57%),2181,240.238 (50%),1678,130,64,
7,Western Bulldogs,2016,22,15,,7,8-0-3,7-0-4,268.249 (52%),1857,237.187 (56%),1609,115.4,60,
8,North Melbourne,2016,22,12,,10,7-0-4,5-0-6,284.252 (53%),1956,264.275 (49%),1859,105.2,48,
9,St Kilda,2016,22,12,,10,7-0-4,5-0-6,286.237 (55%),1953,300.241 (55%),2041,95.7,48,
10,Port Adelaide,2016,22,10,,12,4-0-7,6-0-5,300.255 (54%),2055,275.289 (49%),1939,106,40,
11,Melbourne,2016,22,10,,12,7-0-4,3-0-8,286.228 (56%),1944,288.263 (52%),1991,97.6,40,
12,Collingwood,2016,22,9,,13,6-0-5,3-0-8,276.254 (52%),1910,294.234 (56%),1998,95.6,36,
13,Richmond,2016,22,8,,14,6-0-5,2-0-9,247.231 (52%),1713,314.271 (54%),2155,79.5,32,
14,Carlton,2016,22,7,,15,5-0-6,2-0-9,224.224 (50%),1568,287.256 (53%),1978,79.3,28,
15,Gold Coast,2016,22,6,,16,5-0-6,1-0-10,258.230 (53%),1778,328.305 (52%),2273,78.2,24,
16,Fremantle,2016,22,4,,18,3-0-8,1-0-10,227.212 (52%),1574,306.283 (52%),2119,74.3,16,
17,Brisbane Lions,2016,22,3,,19,2-0-9,1-0-10,254.246 (51%),1770,429.298 (59%),2872,61.6,12,
18,Essendon,2016,22,3,,19,3-0-8,0-0-11,200.237 (46%),1437,350.256 (58%),2356,61,12,
,,,,,,,,,,,,,,,
#,Team,Year,P,W,D,L,Home,Away,GF-BF,For,GA-BA,Agn,%,Pts,
1,Fremantle,2015,22,17,,5,9-0-2,8-0-3,273.219 (55%),1857,225.214 (51%),1564,118.7,68,
2,West Coast,2015,22,16,1,5,9-0-2,2003-07-01 00:00:00,340.290 (54%),2330,229.198 (54%),1572,148.2,66,
3,Hawthorn,2015,22,16,,6,8-0-3,8-0-3,365.262 (58%),2452,221.222 (50%),1548,158.4,64,
4,Sydney,2015,22,16,,6,8-0-3,8-0-3,292.254 (53%),2006,223.240 (48%),1578,127.1,64,
5,Richmond,2015,22,15,,7,6-0-5,9-0-2,280.250 (53%),1930,220.248 (47%),1568,123.1,60,
6,Western Bulldogs,2015,22,14,,8,9-0-2,5-0-6,310.241 (56%),2101,268.217 (55%),1825,115.1,56,
7,Adelaide,2015,21,13,,8,7-0-3,6-0-5,308.259 (54%),2107,266.225 (54%),1821,115.7,54,
8,North Melbourne,2015,22,13,,9,7-0-4,6-0-5,303.244 (55%),2062,280.257 (52%),1937,106.5,52,
9,Port Adelaide,2015,22,12,,10,6-0-5,6-0-5,296.226 (57%),2002,276.218 (56%),1874,106.8,48,
10,Geelong,2015,21,11,1,9,6-0-5,2004-05-01 00:00:00,272.221 (55%),1853,266.237 (53%),1833,101.1,48,
11,Greater Western Sydney,2015,22,11,,11,8-0-3,3-0-8,268.264 (50%),1872,272.259 (51%),1891,99,44,
12,Collingwood,2015,22,10,,12,4-0-7,6-0-5,287.250 (53%),1972,270.236 (53%),1856,106.3,40,
13,Melbourne,2015,22,7,,15,4-0-7,3-0-8,225.223 (50%),1573,301.238 (56%),2044,77,28,
14,St Kilda,2015,22,6,1,15,2009-01-01 00:00:00,5-0-6,241.249 (49%),1695,319.248 (56%),2162,78.4,26,
15,Essendon,2015,22,6,,16,3-0-8,3-0-8,226.224 (50%),1580,312.262 (54%),2134,74,24,
16,Gold Coast,2015,22,4,1,17,2007-03-01 00:00:00,1-0-10,235.223 (51%),1633,326.284 (53%),2240,72.9,18,
17,Brisbane Lions,2015,22,4,,18,3-0-8,1-0-10,224.213 (51%),1557,341.260 (57%),2306,67.5,16,
18,Carlton,2015,22,4,,18,3-0-8,1-0-10,219.211 (51%),1525,349.260 (57%),2354,64.8,16,
,,,,,,,,,,,,,,,
#  ,Team  ,Year,P  ,W  ,D  ,L  ,Home  ,Away  ,GF-BF  ,For  ,GA-BA  ,Agn  ,%  ,Pts  ,
1,Sydney,2014,22,17,,5,8-0-3,9-0-2,308.278 (53%),2126,207.246 (46%),1488,142.9,68,
2,Hawthorn,2014,22,17,,5,11-0-0,6-0-5,367.256 (59%),2458,254.222 (53%),1746,140.8,68,
3,Geelong,2014,22,17,,5,11-0-0,6-0-5,292.281 (51%),2033,255.257 (50%),1787,113.8,68,
4,Fremantle,2014,22,16,,6,10-0-1,6-0-5,297.247 (55%),2029,217.254 (46%),1556,130.4,64,
5,Port Adelaide,2014,22,14,,8,9-0-2,5-0-6,314.296 (51%),2180,243.220 (52%),1678,129.9,56,
6,North Melbourne,2014,22,14,,8,8-0-3,6-0-5,291.280 (51%),2026,248.243 (51%),1731,117,56,
7,Essendon,2014,22,12,1,9,7-0-4,2005-05-01 00:00:00,262.256 (51%),1828,250.219 (53%),1719,106.3,50,
8,Richmond,2014,22,12,,10,6-0-5,6-0-5,274.243 (53%),1887,256.248 (51%),1784,105.8,48,
9,West Coast,2014,22,11,,11,6-0-5,5-0-6,300.245 (55%),2045,259.196 (57%),1750,116.9,44,
10,Adelaide,2014,22,11,,11,6-0-5,5-0-6,315.285 (53%),2175,273.269 (50%),1907,114.1,44,
11,Collingwood,2014,22,11,,11,5-0-6,6-0-5,252.254 (50%),1766,270.256 (51%),1876,94.1,44,
12,Gold Coast,2014,22,10,,12,7-0-4,3-0-8,278.249 (53%),1917,296.269 (52%),2045,93.7,40,
13,Carlton,2014,22,7,1,14,2005-05-01 00:00:00,2-0-9,276.235 (54%),1891,304.283 (52%),2107,89.7,30,
14,Western Bulldogs,2014,22,7,,15,3-0-8,4-0-7,257.242 (52%),1784,325.227 (59%),2177,81.9,28,
15,Brisbane Lions,2014,22,7,,15,3-0-8,4-0-7,221.206 (52%),1532,320.292 (52%),2212,69.3,28,
16,Greater Western Sydney,2014,22,6,,16,3-0-8,3-0-8,256.244 (51%),1780,344.256 (57%),2320,76.7,24,
17,Melbourne,2014,22,4,,18,0-0-11,4-0-7,190.196 (49%),1336,278.286 (49%),1954,68.4,16,
18,St Kilda,2014,22,4,,18,3-0-8,1-0-10,212.208 (50%),1480,363.258 (58%),2436,60.8,16,
,,,,,,,,,,,,,,,
#  ,Team  ,year,P  ,W  ,D  ,L  ,Home  ,Away  ,GF-BF  ,For  ,GA-BA  ,Agn  ,%  ,Pts  ,
1,Hawthorn,2013,22,19,,3,9-0-2,10-0-1,374.279 (57%),2523,271.233 (54%),1859,135.7,76,
2,Geelong,2013,22,18,,4,11-0-0,7-0-4,353.291 (55%),2409,262.204 (56%),1776,135.6,72,
3,Fremantle,2013,22,16,1,5,10-0-1,2004-06-01 00:00:00,302.223 (58%),2035,217.216 (50%),1518,134.1,66,
4,Sydney,2013,22,15,1,6,2003-07-01 00:00:00,8-0-3,332.252 (57%),2244,242.242 (50%),1694,132.5,62,
5,Richmond,2013,22,15,,7,7-0-4,8-0-3,311.288 (52%),2154,252.242 (51%),1754,122.8,60,
6,Collingwood,2013,22,14,,8,8-0-3,6-0-5,310.288 (52%),2148,274.224 (55%),1868,115,56,
7,Port Adelaide,2013,22,12,,10,7-0-4,5-0-6,298.263 (53%),2051,295.232 (56%),2002,102.4,48,
8,Carlton,2013,22,11,,11,5-0-6,6-0-5,304.301 (50%),2125,283.294 (49%),1992,106.7,44,
9,Essendon,2013,22,14,,8,6-0-5,8-0-3,312.273 (53%),2145,289.266 (52%),2000,107.3,56*,
10,North Melbourne,2013,22,10,,12,6-0-5,4-0-7,342.255 (57%),2307,279.256 (52%),1930,119.5,40,
11,Adelaide,2013,22,10,,12,5-0-6,5-0-6,297.282 (51%),2064,279.235 (54%),1909,108.1,40,
12,Brisbane Lions,2013,22,10,,12,7-0-4,3-0-8,276.266 (51%),1922,309.290 (52%),2144,89.6,40,
13,West Coast,2013,22,9,,13,3-0-8,6-0-5,295.268 (52%),2038,317.237 (57%),2139,95.3,36,
14,Gold Coast,2013,22,8,,14,6-0-5,2-0-9,276.262 (51%),1918,301.285 (51%),2091,91.7,32,
15,Western Bulldogs,2013,22,8,,14,5-0-6,3-0-8,283.228 (55%),1926,331.276 (55%),2262,85.1,32,
16,St Kilda,2013,22,5,,17,4-0-7,1-0-10,251.245 (51%),1751,308.272 (53%),2120,82.6,20,
17,Melbourne,2013,22,2,,20,2-0-9,0-0-11,209.201 (51%),1455,393.333 (54%),2691,54.1,8,
18,Greater Western Sydney,2013,22,1,,21,1-0-10,0-0-11,221.198 (53%),1524,444.326 (58%),2990,51,4,
,,,,,,,,,,,,,,,
#  ,Team  ,Year,P  ,W  ,D  ,L  ,Home  ,Away  ,GF-BF  ,For  ,GA-BA  ,Agn  ,%  ,Pts  ,
1,Hawthorn,2012,22,17,,5,9-0-2,8-0-3,391.333 (54%),2679,251.227 (53%),1733,154.6,68,
2,Adelaide,2012,22,17,,5,10-0-1,7-0-4,357.286 (56%),2428,265.243 (52%),1833,132.5,68,
3,Sydney,2012,22,16,,6,8-0-3,8-0-3,338.262 (56%),2290,234.225 (51%),1629,140.6,64,
4,Collingwood,2012,22,16,,6,8-0-3,8-0-3,305.293 (51%),2123,257.281 (48%),1823,116.5,64,
5,West Coast,2012,22,15,,7,10-0-1,5-0-6,327.282 (54%),2244,264.223 (54%),1807,124.2,60,
6,Geelong,2012,22,15,,7,10-0-1,5-0-6,322.277 (54%),2209,274.242 (53%),1886,117.1,60,
7,Fremantle,2012,22,14,,8,8-0-3,6-0-5,286.240 (54%),1956,244.227 (52%),1691,115.7,56,
8,North Melbourne,2012,22,14,,8,7-0-4,7-0-4,351.253 (58%),2359,305.267 (53%),2097,112.5,56,
9,St Kilda,2012,22,12,,10,7-0-4,5-0-6,345.277 (55%),2347,276.247 (53%),1903,123.3,48,
10,Carlton,2012,22,11,,11,5-0-6,6-0-5,299.285 (51%),2079,278.257 (52%),1925,108,44,
11,Essendon,2012,22,11,,11,5-0-6,6-0-5,299.297 (50%),2091,305.260 (54%),2090,100,44,
12,Richmond,2012,22,10,1,11,2005-05-01 00:00:00,5-0-6,311.303 (51%),2169,284.239 (54%),1943,111.6,42,
13,Brisbane Lions,2012,22,10,,12,6-0-5,4-0-7,279.230 (55%),1904,304.268 (53%),2092,91,40,
14,Port Adelaide,2012,22,5,1,16,3-0-8,2008-02-01 00:00:00,243.233 (51%),1691,314.260 (55%),2144,78.9,22,
15,Western Bulldogs,2012,22,5,,17,2-0-9,3-0-8,218.234 (48%),1542,341.255 (57%),2301,67,20,
16,Melbourne,2012,22,4,,18,2-0-9,2-0-9,224.236 (49%),1580,339.307 (52%),2341,67.5,16,
17,Gold Coast,2012,22,3,,19,2-0-9,1-0-10,215.219 (50%),1509,357.339 (51%),2481,60.8,12,
18,Greater Western Sydney,2012,22,2,,20,2-0-9,0-0-11,182.178 (51%),1270,400.351 (53%),2751,46.2,8,
,,,,,,,,,,,,,,,
#  ,Team  ,year,P  ,W  ,D  ,L  ,Home  ,Away  ,GF-BF  ,For  ,GA-BA  ,Agn  ,%  ,Pts  ,MR  
1,Collingwood,2011,22,20,,2,10-0-1,10-0-1,381.306 (55%),2592,222.214 (51%),1546,167.7,80,1 (90.91)
2,Geelong,2011,22,19,,3,10-0-1,9-0-2,377.286 (57%),2548,235.209 (53%),1619,157.4,76,2 (86.36)
3,Hawthorn,2011,22,18,,4,10-0-1,8-0-3,345.285 (55%),2355,235.224 (51%),1634,144.1,72,3 (81.82)
4,West Coast,2011,22,17,,5,10-0-1,7-0-4,322.303 (52%),2235,253.197 (56%),1715,130.3,68,4 (77.27)
5,Carlton,2011,22,14,1,7,2005-05-01 00:00:00,9-0-2,320.305 (51%),2225,244.236 (51%),1700,130.9,58,5 (65.91)
6,St Kilda,2011,22,12,1,9,2004-06-01 00:00:00,6-0-5,275.241 (53%),1891,238.249 (49%),1677,112.8,50,6 (56.82)
7,Sydney,2011,22,12,1,9,6-0-5,2004-06-01 00:00:00,267.295 (48%),1897,245.265 (48%),1735,109.3,50,7 (56.82)
8,Essendon,2011,22,11,1,10,7-0-4,2006-04-01 00:00:00,327.255 (56%),2217,326.261 (56%),2217,100,46,8 (52.27)
9,North Melbourne,2011,22,10,,12,6-0-5,4-0-7,304.282 (52%),2106,301.276 (52%),2082,101.2,40,9 (45.45)
10,Western Bulldogs,2011,22,9,,13,7-0-4,2-0-9,306.224 (58%),2060,312.283 (52%),2155,95.6,36,10 (40.91)
11,Fremantle,2011,22,9,,13,5-0-6,4-0-7,254.267 (49%),1791,314.271 (54%),2155,83.1,36,11 (40.91)
12,Richmond,2011,22,8,1,13,4-0-7,2006-04-01 00:00:00,300.269 (53%),2069,347.314 (52%),2396,86.4,34,12 (38.64)
13,Melbourne,2011,22,8,1,13,2005-05-01 00:00:00,3-0-8,286.258 (53%),1974,341.269 (56%),2315,85.3,34,13 (38.64)
14,Adelaide,2011,22,7,,15,5-0-6,2-0-9,252.230 (52%),1742,315.303 (51%),2193,79.4,28,14 (31.82)
15,Brisbane Lions,2011,22,4,,18,3-0-8,1-0-10,264.230 (53%),1814,325.290 (53%),2240,81,16,15 (18.18)
16,Port Adelaide,2011,22,3,,19,2-0-9,1-0-10,255.188 (58%),1718,390.323 (55%),2663,64.5,12,16 (13.64)
17,Gold Coast,2011,22,3,,19,1-0-10,2-0-9,214.250 (46%),1534,406.290 (58%),2726,56.3,12,17 (13.64)
,,,,,,,,,,,,,,,
#  ,Team  ,Year,P  ,W  ,D  ,L  ,Home  ,Away  ,GF-BF  ,For  ,GA-BA  ,Agn  ,%  ,Pts  ,
1,Collingwood,2010,22,17,1,4,10-0-1,2003-07-01 00:00:00,335.339 (50%),2349,242.206 (54%),1658,141.7,70,
2,Geelong,2010,22,17,,5,10-0-1,7-0-4,371.292 (56%),2518,241.256 (48%),1702,147.9,68,
3,St Kilda,2010,22,15,1,6,2002-08-01 00:00:00,7-0-4,284.231 (55%),1935,231.205 (53%),1591,121.6,62,
4,Western Bulldogs,2010,22,14,,8,8-0-3,6-0-5,321.248 (56%),2174,251.228 (52%),1734,125.4,56,
5,Sydney,2010,22,13,,9,7-0-4,6-0-5,293.259 (53%),2017,272.231 (54%),1863,108.3,52,
6,Fremantle,2010,22,13,,9,8-0-3,5-0-6,315.278 (53%),2168,307.245 (56%),2087,103.9,52,
7,Hawthorn,2010,22,12,1,9,9-0-2,2007-03-01 00:00:00,297.262 (53%),2044,265.257 (51%),1847,110.7,50,
8,Carlton,2010,22,11,,11,5-0-6,6-0-5,315.253 (55%),2143,285.273 (51%),1983,108.1,44,
9,North Melbourne,2010,22,11,,11,7-0-4,4-0-7,279.256 (52%),1930,326.252 (56%),2208,87.4,44,
10,Port Adelaide,2010,22,10,,12,6-0-5,4-0-7,252.237 (52%),1749,306.287 (52%),2123,82.4,40,
11,Adelaide,2010,22,9,,13,7-0-4,2-0-9,250.263 (49%),1763,269.256 (51%),1870,94.3,36,
12,Melbourne,2010,22,8,1,13,2004-06-01 00:00:00,2-0-9,272.231 (54%),1863,280.291 (49%),1971,94.5,34,
13,Brisbane Lions,2010,22,7,,15,4-0-7,3-0-8,254.251 (50%),1775,311.292 (52%),2158,82.3,28,
14,Essendon,2010,22,7,,15,4-0-7,3-0-8,277.268 (51%),1930,358.254 (58%),2402,80.3,28,
15,Richmond,2010,22,6,,16,4-0-7,2-0-9,246.238 (51%),1714,339.314 (52%),2348,73,24,
16,West Coast,2010,22,4,,18,2-0-9,2-0-9,255.243 (51%),1773,333.302 (52%),2300,77.1,16,
,,,,,,,,,,,,,,,
#  ,Team  ,Year,P  ,W  ,D  ,L  ,Home  ,Away  ,GF-BF  ,For  ,GA-BA  ,Agn  ,%  ,Pts  ,
1,St Kilda,2009,22,20,,2,10-0-1,10-0-1,322.265 (55%),2197,206.175 (54%),1411,155.7,80,
2,Geelong,2009,22,18,,4,11-0-0,7-0-4,337.290 (54%),2312,269.201 (57%),1815,127.4,72,
3,Western Bulldogs,2009,22,15,,7,7-0-4,8-0-3,351.272 (56%),2378,284.236 (55%),1940,122.6,60,
4,Collingwood,2009,22,15,,7,6-0-5,9-0-2,313.296 (51%),2174,255.248 (51%),1778,122.3,60,
5,Adelaide,2009,22,14,,8,7-0-4,7-0-4,307.262 (54%),2104,262.217 (55%),1789,117.6,56,
6,Brisbane Lions,2009,22,13,1,8,8-0-3,2005-05-01 00:00:00,298.229 (57%),2017,273.252 (52%),1890,106.7,54,
7,Carlton,2009,22,13,,9,6-0-5,7-0-4,333.272 (55%),2270,300.255 (54%),2055,110.5,52,
8,Essendon,2009,22,10,1,11,2004-06-01 00:00:00,4-0-7,303.262 (54%),2080,310.267 (54%),2127,97.8,42,
9,Hawthorn,2009,22,9,,13,5-0-6,4-0-7,285.252 (53%),1962,306.284 (52%),2120,92.5,36,
10,Port Adelaide,2009,22,9,,13,8-0-3,1-0-10,290.250 (54%),1990,332.252 (57%),2244,88.7,36,
11,West Coast,2009,22,8,,14,7-0-4,1-0-10,272.261 (51%),1893,297.247 (55%),2029,93.3,32,
12,Sydney,2009,22,8,,14,6-0-5,2-0-9,278.220 (56%),1888,294.263 (53%),2027,93.1,32,
13,North Melbourne,2009,22,7,1,14,4-0-7,2007-03-01 00:00:00,244.216 (53%),1680,293.257 (53%),2015,83.4,30,
14,Fremantle,2009,22,6,,16,4-0-7,2-0-9,254.223 (53%),1747,333.261 (56%),2259,77.3,24,
15,Richmond,2009,22,5,1,16,2009-01-01 00:00:00,4-0-7,255.244 (51%),1774,348.300 (54%),2388,74.3,22,
16,Melbourne,2009,22,4,,18,3-0-8,1-0-10,252.194 (57%),1706,332.293 (53%),2285,74.7,16,
,,,,,,,,,,,,,,,
#  ,Team  ,Year,P  ,W  ,D  ,L  ,Home  ,Away  ,GF-BF  ,For  ,GA-BA  ,Agn  ,%  ,Pts  ,
1,Geelong,2008,22,21,,1,11-0-0,10-0-1,392.320 (55%),2672,237.229 (51%),1651,161.8,84,
2,Hawthorn,2008,22,17,,5,8-0-3,9-0-2,354.310 (53%),2434,266.250 (52%),1846,131.9,68,
3,Western Bulldogs,2008,22,15,1,6,2002-08-01 00:00:00,7-0-4,371.280 (57%),2506,308.264 (54%),2112,118.7,62,
4,St Kilda,2008,22,13,,9,8-0-3,5-0-6,309.272 (53%),2126,278.255 (52%),1923,110.6,52,
5,Adelaide,2008,22,13,,9,9-0-2,4-0-7,287.295 (49%),2017,260.278 (48%),1838,109.7,52,
6,Sydney,2008,22,12,1,9,7-0-4,2005-05-01 00:00:00,302.283 (52%),2095,266.267 (50%),1863,112.5,50,
7,North Melbourne,2008,22,12,1,9,2005-05-01 00:00:00,7-0-4,310.261 (54%),2121,318.279 (53%),2187,97,50,
8,Collingwood,2008,22,12,,10,7-0-4,5-0-6,331.281 (54%),2267,296.262 (53%),2038,111.2,48,
9,Richmond,2008,22,11,1,10,5-0-6,2004-06-01 00:00:00,331.242 (58%),2228,335.278 (55%),2288,97.4,46,
10,Brisbane Lions,2008,22,10,,12,8-0-3,2-0-9,306.320 (49%),2156,322.268 (55%),2200,98,40,
11,Carlton,2008,22,10,,12,3-0-8,7-0-4,323.279 (54%),2217,345.284 (55%),2354,94.2,40,
12,Essendon,2008,22,8,,14,5-0-6,3-0-8,315.240 (57%),2130,384.304 (56%),2608,81.7,32,
13,Port Adelaide,2008,22,7,,15,3-0-8,4-0-7,309.264 (54%),2118,321.282 (53%),2208,95.9,28,
14,Fremantle,2008,22,6,,16,4-0-7,2-0-9,287.266 (52%),1988,310.261 (54%),2121,93.7,24,
15,West Coast,2008,22,4,,18,4-0-7,0-0-11,236.254 (48%),1670,375.285 (57%),2535,65.9,16,
16,Melbourne,2008,22,3,,19,3-0-8,0-0-11,234.225 (51%),1629,376.346 (52%),2602,62.6,12,
,,,,,,,,,,,,,,,
,,,,,,,,,,,,,,,
#  ,Team  ,Year,P  ,W  ,D  ,L  ,Home  ,Away  ,GF-BF  ,For  ,GA-BA  ,Agn  ,%  ,Pts  ,
1,Geelong,2007,22,18,,4,9-0-2,9-0-2,370.322 (53%),2542,240.224 (52%),1664,152.8,72,
2,Port Adelaide,2007,22,15,,7,8-0-3,7-0-4,337.292 (54%),2314,295.268 (52%),2038,113.5,60,
3,West Coast,2007,22,15,,7,8-0-3,7-0-4,313.284 (52%),2162,281.249 (53%),1935,111.7,60,
4,Kangaroos,2007,22,14,,8,6-0-5,8-0-3,314.299 (51%),2183,285.288 (50%),1998,109.3,56,
5,Hawthorn,2007,22,13,,9,7-0-4,6-0-5,305.267 (53%),2097,266.259 (51%),1855,113,52,
6,Collingwood,2007,22,13,,9,7-0-4,6-0-5,284.307 (48%),2011,288.264 (52%),1992,101,52,
7,Sydney,2007,22,12,1,9,8-0-3,2006-04-01 00:00:00,297.249 (54%),2031,246.222 (53%),1698,119.6,50,
8,Adelaide,2007,22,12,,10,6-0-5,6-0-5,270.261 (51%),1881,244.248 (50%),1712,109.9,48,
9,St Kilda,2007,22,11,1,10,7-0-4,2006-04-01 00:00:00,267.272 (50%),1874,282.249 (53%),1941,96.5,46,
10,Brisbane Lions,2007,22,9,2,11,2005-05-01 00:00:00,2006-04-01 00:00:00,283.288 (50%),1986,266.289 (48%),1885,105.4,40,
11,Fremantle,2007,22,10,,12,7-0-4,3-0-8,333.256 (57%),2254,317.296 (52%),2198,102.5,40,
12,Essendon,2007,22,10,,12,6-0-5,4-0-7,320.264 (55%),2184,351.288 (55%),2394,91.2,40,
13,Western Bulldogs,2007,22,9,1,12,2005-05-01 00:00:00,4-0-7,308.263 (54%),2111,358.321 (53%),2469,85.5,38,
14,Melbourne,2007,22,5,,17,4-0-7,1-0-10,273.252 (52%),1890,349.324 (52%),2418,78.2,20,
15,Carlton,2007,22,4,,18,4-0-7,0-0-11,312.295 (51%),2167,433.313 (58%),2911,74.4,16,
16,Richmond,2007,22,3,1,18,2008-02-01 00:00:00,1-0-10,285.248 (53%),1958,370.317 (54%),2537,77.2,14,
,,,,,,,,,,,,,,,
#  ,Team  ,Year,P  ,W  ,D  ,L  ,Home  ,Away  ,GF-BF  ,For  ,GA-BA  ,Agn  ,%  ,Pts  ,
1,West Coast,2006,22,17,,5,9-0-2,8-0-3,324.313 (51%),2257,273.236 (54%),1874,120.4,68,
2,Adelaide,2006,22,16,,6,9-0-2,7-0-4,340.291 (54%),2331,237.218 (52%),1640,142.1,64,
3,Fremantle,2006,22,15,,7,9-0-2,6-0-5,303.261 (54%),2079,267.291 (48%),1893,109.8,60,
4,Sydney,2006,22,14,,8,6-0-5,8-0-3,304.274 (53%),2098,240.190 (56%),1630,128.7,56,
5,Collingwood,2006,22,14,,8,9-0-2,5-0-6,346.269 (56%),2345,285.255 (53%),1965,119.3,56,
6,St Kilda,2006,22,14,,8,7-0-4,7-0-4,302.262 (54%),2074,250.252 (50%),1752,118.4,56,
7,Melbourne,2006,22,13,1,8,8-0-3,2005-05-01 00:00:00,314.262 (55%),2146,282.265 (52%),1957,109.7,54,
8,Western Bulldogs,2006,22,13,,9,7-0-4,6-0-5,340.271 (56%),2311,311.307 (50%),2173,106.4,52,
9,Richmond,2006,22,11,,11,6-0-5,5-0-6,278.266 (51%),1934,323.307 (51%),2245,86.1,44,
10,Geelong,2006,22,10,1,11,2004-06-01 00:00:00,4-0-7,290.242 (55%),1982,293.244 (55%),2002,99,42,
11,Hawthorn,2006,22,9,,13,6-0-5,3-0-8,271.208 (57%),1834,308.292 (51%),2140,85.7,36,
12,Port Adelaide,2006,22,8,,14,4-0-7,4-0-7,271.285 (49%),1911,309.297 (51%),2151,88.8,32,
13,Brisbane Lions,2006,22,7,,15,4-0-7,3-0-8,260.284 (48%),1844,324.295 (52%),2239,82.4,28,
14,Kangaroos,2006,22,7,,15,5-0-6,2-0-9,249.260 (49%),1754,317.265 (54%),2167,80.9,28,
15,Essendon,2006,22,3,1,18,2007-03-01 00:00:00,0-0-11,291.275 (51%),2021,367.267 (58%),2469,81.9,14,
16,Carlton,2006,22,3,1,18,2-0-9,2009-01-01 00:00:00,257.249 (51%),1791,354.291 (55%),2415,74.2,14,
,,,,,,,,,,,,,,,
#  ,Team  ,Year,P  ,W  ,D  ,L  ,Home  ,Away  ,GF-BF  ,For  ,GA-BA  ,Agn  ,%  ,Pts  ,
1,Adelaide,2005,22,17,,5,9-0-2,8-0-3,301.264 (53%),2070,219.203 (52%),1517,136.5,68,
2,West Coast,2005,22,17,,5,10-0-1,7-0-4,328.293 (53%),2261,267.222 (55%),1824,124,68,
3,Sydney,2005,22,15,,7,9-0-2,6-0-5,287.252 (53%),1974,245.226 (52%),1696,116.4,60,
4,St Kilda,2005,22,14,,8,8-0-3,6-0-5,355.277 (56%),2407,268.198 (58%),1806,133.3,56,
5,Kangaroos,2005,22,13,,9,6-0-5,7-0-4,301.247 (55%),2053,301.263 (53%),2069,99.2,52,
6,Geelong,2005,22,12,,10,9-0-2,3-0-8,310.274 (53%),2134,281.220 (56%),1906,112,48,
7,Melbourne,2005,22,12,,10,6-0-5,6-0-5,317.269 (54%),2171,328.298 (52%),2266,95.8,48,
8,Port Adelaide,2005,22,11,1,10,2002-08-01 00:00:00,3-0-8,295.258 (53%),2028,300.266 (53%),2066,98.2,46,
9,Western Bulldogs,2005,22,11,,11,7-0-4,4-0-7,352.273 (56%),2385,342.299 (53%),2351,101.4,44,
10,Fremantle,2005,22,11,,11,7-0-4,4-0-7,304.217 (58%),2041,291.292 (50%),2038,100.1,44,
11,Brisbane Lions,2005,22,10,,12,5-0-6,5-0-6,314.255 (55%),2139,313.286 (52%),2164,98.8,40,
12,Richmond,2005,22,10,,12,6-0-5,4-0-7,294.258 (53%),2022,323.252 (56%),2190,92.3,40,
13,Essendon,2005,22,8,,14,7-0-4,1-0-10,314.234 (57%),2118,337.280 (55%),2302,92,32,
14,Hawthorn,2005,22,5,,17,4-0-7,1-0-10,280.224 (56%),1904,343.259 (57%),2317,82.2,20,
15,Collingwood,2005,22,5,,17,3-0-8,2-0-9,270.264 (51%),1884,357.283 (56%),2425,77.7,20,
16,Carlton,2005,22,4,1,17,3-0-8,2009-01-01 00:00:00,293.258 (53%),2016,400.270 (60%),2670,75.5,18,
,,,,,,,,,,,,,,,
#  ,Team  ,Year,P  ,W  ,D  ,L  ,Home  ,Away  ,GF-BF  ,For  ,GA-BA  ,Agn  ,%  ,Pts  ,
1,Port Adelaide,2004,22,17,,5,10-0-1,7-0-4,357.271 (57%),2413,258.275 (48%),1823,132.4,68,
2,Brisbane Lions,2004,22,16,,6,10-0-1,6-0-5,358.299 (54%),2447,259.229 (53%),1783,137.2,64,
3,St Kilda,2004,22,16,,6,10-0-1,6-0-5,370.223 (62%),2443,283.211 (57%),1909,128,64,
4,Geelong,2004,22,15,,7,11-0-0,4-0-7,299.294 (50%),2088,254.217 (54%),1741,119.9,60,
5,Melbourne,2004,22,14,,8,9-0-2,5-0-6,305.297 (51%),2127,277.238 (54%),1900,111.9,56,
6,Sydney,2004,22,13,,9,8-0-3,5-0-6,287.216 (57%),1938,262.232 (53%),1804,107.4,52,
7,West Coast,2004,22,13,,9,9-0-2,4-0-7,293.284 (51%),2042,290.228 (56%),1968,103.8,52,
8,Essendon,2004,22,12,,10,6-0-5,6-0-5,338.254 (57%),2282,328.260 (56%),2228,102.4,48,
9,Fremantle,2004,22,11,,11,5-0-6,6-0-5,275.232 (54%),1882,267.268 (50%),1870,100.6,44,
10,Kangaroos,2004,22,10,,12,6-0-5,4-0-7,315.252 (56%),2142,317.233 (58%),2135,100.3,40,
11,Carlton,2004,22,10,,12,6-0-5,4-0-7,268.217 (55%),1825,328.267 (55%),2235,81.7,40,
12,Adelaide,2004,22,8,,14,5-0-6,3-0-8,280.270 (51%),1950,299.245 (55%),2039,95.6,32,
13,Collingwood,2004,22,8,,14,5-0-6,3-0-8,271.273 (50%),1899,302.270 (53%),2082,91.2,32,
14,Western Bulldogs,2004,22,5,,17,2-0-9,3-0-8,280.277 (50%),1957,359.305 (54%),2459,79.6,20,
15,Hawthorn,2004,22,4,,18,3-0-8,1-0-10,246.192 (56%),1668,343.317 (52%),2375,70.2,16,
16,Richmond,2004,22,4,,18,3-0-8,1-0-10,246.217 (53%),1693,362.273 (57%),2445,69.2,16,
,,,,,,,,,,,,,,,
#  ,Team  ,Year,P  ,W  ,D  ,L  ,Home  ,Away  ,GF-BF  ,For  ,GA-BA  ,Agn  ,%  ,Pts  ,
1,Port Adelaide,2003,22,18,,4,10-0-1,8-0-3,326.273 (54%),2229,253.234 (52%),1752,127.2,72,
2,Collingwood,2003,22,15,,7,7-0-4,8-0-3,329.285 (54%),2259,267.256 (51%),1858,121.6,60,
3,Brisbane Lions,2003,22,14,1,7,8-0-3,2004-06-01 00:00:00,335.285 (54%),2295,271.256 (51%),1882,121.9,58,
4,Sydney,2003,22,14,,8,8-0-3,6-0-5,320.222 (59%),2142,270.242 (53%),1862,115,56,
5,Fremantle,2003,22,14,,8,10-0-1,4-0-7,311.277 (53%),2143,305.248 (55%),2078,103.1,56,
6,Adelaide,2003,22,13,,9,8-0-3,5-0-6,310.254 (55%),2114,255.224 (53%),1754,120.5,52,
7,West Coast,2003,22,12,2,8,2002-08-01 00:00:00,2006-04-01 00:00:00,341.280 (55%),2326,289.248 (54%),1982,117.4,52,
8,Essendon,2003,22,13,,9,8-0-3,5-0-6,322.258 (56%),2190,286.244 (54%),1960,111.7,52,
9,Hawthorn,2003,22,12,,10,7-0-4,5-0-6,296.235 (56%),2011,294.235 (56%),1999,100.6,48,
10,Kangaroos,2003,22,11,1,10,2005-05-01 00:00:00,6-0-5,319.271 (54%),2185,328.255 (56%),2223,98.3,46,
11,St Kilda,2003,22,11,,11,8-0-3,3-0-8,307.253 (55%),2095,321.261 (55%),2187,95.8,44,
12,Geelong,2003,22,7,1,14,2005-05-01 00:00:00,2-0-9,262.247 (51%),1819,301.219 (58%),2025,89.8,30,
13,Richmond,2003,22,7,,15,4-0-7,3-0-8,270.226 (54%),1846,302.266 (53%),2078,88.8,28,
14,Melbourne,2003,22,5,,17,4-0-7,1-0-10,280.219 (56%),1899,349.250 (58%),2344,81,20,
15,Carlton,2003,22,4,,18,1-0-10,3-0-8,259.230 (53%),1784,394.310 (56%),2674,66.7,16,
16,Western Bulldogs,2003,22,3,1,18,2-0-9,2009-01-01 00:00:00,295.244 (55%),2014,397.311 (56%),2693,74.8,14,
,,,,,,,,,,,,,,,
#  ,Team  ,Year,P  ,W  ,D  ,L  ,Home  ,Away  ,GF-BF  ,For  ,GA-BA  ,Agn  ,%  ,Pts  ,
1,Port Adelaide,2002,22,18,,4,10-0-1,8-0-3,350.260 (57%),2360,259.229 (53%),1783,132.4,72,
2,Brisbane Lions,2002,22,17,,5,11-0-0,6-0-5,368.312 (54%),2520,268.235 (53%),1843,136.7,68,
3,Adelaide,2002,22,15,,7,9-0-2,6-0-5,339.274 (55%),2308,295.237 (55%),2007,115,60,
4,Collingwood,2002,22,13,,9,9-0-2,4-0-7,303.263 (54%),2081,273.259 (51%),1897,109.7,52,
5,Essendon,2002,22,12,1,9,8-0-3,2006-04-01 00:00:00,278.271 (51%),1939,265.257 (51%),1847,105,50,
6,Melbourne,2002,22,12,,10,7-0-4,5-0-6,329.269 (55%),2243,327.283 (54%),2245,99.9,48,
7,Kangaroos,2002,22,12,,10,7-0-4,5-0-6,327.279 (54%),2241,338.241 (58%),2269,98.8,48,
8,West Coast,2002,22,11,,11,9-0-2,2-0-9,327.246 (57%),2208,328.286 (53%),2254,98,44,
9,Geelong,2002,22,11,,11,5-0-6,6-0-5,283.235 (55%),1933,298.241 (55%),2029,95.3,44,
10,Hawthorn,2002,22,11,,11,7-0-4,4-0-7,286.222 (56%),1938,305.277 (52%),2107,92,44,
11,Sydney,2002,22,9,1,12,6-0-5,2007-03-01 00:00:00,310.263 (54%),2123,290.236 (55%),1976,107.4,38,
12,Western Bulldogs,2002,22,9,1,12,2005-05-01 00:00:00,4-0-7,342.283 (55%),2335,329.272 (55%),2246,104,38,
13,Fremantle,2002,22,9,,13,9-0-2,0-0-11,274.256 (52%),1900,319.237 (57%),2151,88.3,36,
14,Richmond,2002,22,7,,15,6-0-5,1-0-10,257.259 (50%),1801,317.270 (54%),2172,82.9,28,
15,St Kilda,2002,22,5,1,16,2006-04-01 00:00:00,1-0-10,265.195 (58%),1785,334.267 (56%),2271,78.6,22,
16,Carlton,2002,22,3,,19,2-0-9,1-0-10,244.218 (53%),1682,337.278 (55%),2300,73.1,12,
,,,,,,,,,,,,,,,
,,,,,,,,,,,,,,,
#  ,Team  ,Year,P  ,W  ,D  ,L  ,Home  ,Away  ,GF-BF  ,For  ,GA-BA  ,Agn  ,%  ,Pts  ,
1,Essendon,2001,22,17,,5,9-0-2,8-0-3,379.274 (58%),2548,278.227 (55%),1895,134.5,68,
2,Brisbane Lions,2001,22,17,,5,10-0-1,7-0-4,368.330 (53%),2538,291.243 (54%),1989,127.6,68,
3,Port Adelaide,2001,22,16,,6,9-0-2,7-0-4,363.295 (55%),2473,279.244 (53%),1918,128.9,64,
4,Richmond,2001,22,15,,7,7-0-4,8-0-3,312.254 (55%),2126,285.263 (52%),1973,107.8,60,
5,Carlton,2001,22,14,,8,8-0-3,6-0-5,338.283 (54%),2311,261.231 (53%),1797,128.6,56,
6,Hawthorn,2001,22,13,,9,6-0-5,7-0-4,319.235 (58%),2149,292.289 (50%),2041,105.3,52,
7,Sydney,2001,22,12,,10,7-0-4,5-0-6,307.279 (52%),2121,259.279 (48%),1833,115.7,48,
8,Adelaide,2001,22,12,,10,6-0-5,6-0-5,298.297 (50%),2085,300.226 (57%),2026,102.9,48,
9,Collingwood,2001,22,11,,11,5-0-6,6-0-5,328.264 (55%),2232,306.252 (55%),2088,106.9,44,
10,Western Bulldogs,2001,22,10,,12,3-0-8,7-0-4,337.283 (54%),2305,364.274 (57%),2458,93.8,40,
11,Melbourne,2001,22,10,,12,3-0-8,7-0-4,312.264 (54%),2136,347.282 (55%),2364,90.4,40,
12,Geelong,2001,22,9,,13,5-0-6,4-0-7,279.252 (53%),1926,304.230 (57%),2054,93.8,36,
13,Kangaroos,2001,22,9,,13,4-0-7,5-0-6,319.247 (56%),2161,352.259 (58%),2371,91.1,36,
14,West Coast,2001,22,5,,17,3-0-8,2-0-9,248.220 (53%),1708,380.310 (55%),2590,65.9,20,
15,St Kilda,2001,22,4,,18,1-0-10,3-0-8,284.213 (57%),1917,389.308 (56%),2642,72.6,16,
16,Fremantle,2001,22,2,,20,1-0-10,1-0-10,258.246 (51%),1794,362.319 (53%),2491,72,8,
,,,,,,,,,,,,,,,
#  ,Team  ,Year,P  ,W  ,D  ,L  ,Home  ,Away  ,GF-BF  ,For  ,GA-BA  ,Agn  ,%  ,Pts  ,
1,Essendon,2000,22,21,,1,10-0-1,11-0-0,415.326 (56%),2816,259.216 (55%),1770,159.1,84,
2,Carlton,,22,16,,6,9-0-2,7-0-4,396.291 (58%),2667,291.233 (56%),1979,134.8,64,
3,Melbourne,,22,14,,8,9-0-2,5-0-6,378.289 (57%),2557,314.275 (53%),2159,118.4,56,
4,Kangaroos,,22,14,,8,8-0-3,6-0-5,359.293 (55%),2447,338.276 (55%),2304,106.2,56,
5,Geelong,,22,12,1,9,7-0-4,2005-05-01 00:00:00,329.260 (56%),2234,337.284 (54%),2306,96.9,50,
6,Brisbane Lions,,22,12,,10,7-0-4,5-0-6,384.298 (56%),2602,323.284 (53%),2222,117.1,48,
7,Western Bulldogs,,22,12,,10,7-0-4,5-0-6,347.239 (59%),2321,330.261 (56%),2241,103.6,48,
8,Hawthorn,,22,12,,10,6-0-5,6-0-5,327.236 (58%),2198,328.283 (54%),2251,97.6,48,
9,Richmond,,22,11,,11,5-0-6,6-0-5,303.250 (55%),2068,323.283 (53%),2221,93.1,44,
10,Sydney,,22,10,,12,6-0-5,4-0-7,333.256 (57%),2254,328.251 (57%),2219,101.6,40,
11,Adelaide,,22,9,,13,6-0-5,3-0-8,323.317 (50%),2255,347.265 (57%),2347,96.1,36,
12,Fremantle,,22,8,,14,5-0-6,3-0-8,276.230 (55%),1886,387.296 (57%),2618,72,32,
13,West Coast,,22,7,1,14,5-0-6,2008-02-01 00:00:00,326.260 (56%),2216,351.293 (55%),2399,92.4,30,
14,Port Adelaide,,22,7,1,14,2005-05-01 00:00:00,2-0-9,273.290 (48%),1928,339.261 (57%),2295,84,30,
15,Collingwood,,22,7,,15,3-0-8,4-0-7,301.283 (52%),2089,356.295 (55%),2431,85.9,28,
16,St Kilda,,22,2,1,19,2008-02-01 00:00:00,0-0-11,272.223 (55%),1855,391.285 (58%),2631,70.5,10,
Totals,,,"Games: 176, Goals: 5342, Behinds: 4341, Accuracy: 55.17%, Total points: 36393, Average score: 103",,,,,,,,,,,,
